,ground_truth,finetune_1,finetune_2,finetune_3,finetune_5,finetune_10,finetune_20,finetune_30,finetune_40,finetune_50,finetune_60,finetune_70
tile_1072.jpg,0,27,0,0,0,5,5,4,0,0,1,1
tile_1094.jpg,0,9,0,0,0,2,3,4,0,1,1,0
tile_1180.jpg,0,35,0,0,0,5,1,3,0,0,1,2
tile_1212.jpg,0,38,0,0,0,6,3,3,0,0,1,0
tile_1231.jpg,0,21,0,0,0,5,2,3,0,0,1,0
tile_128.jpg,0,0,0,0,0,0,0,0,0,0,0,0
tile_1298.jpg,0,5,0,0,0,0,0,2,0,0,0,0
tile_1340.jpg,0,1,0,0,0,0,0,0,0,0,1,0
tile_1348.jpg,0,6,0,0,0,0,2,3,0,0,1,0
tile_1359.jpg,0,3,0,0,0,4,2,1,0,0,3,0
tile_1384.jpg,0,10,0,0,0,0,4,8,0,0,3,0
tile_1391.jpg,0,9,0,0,0,0,2,5,0,0,1,0
tile_145.jpg,0,0,0,0,0,0,0,0,0,0,0,0
tile_168.jpg,0,0,0,0,0,0,0,0,0,0,0,0
tile_178.jpg,0,0,0,0,0,0,0,0,0,0,0,0
tile_214.jpg,0,0,1,0,0,0,0,0,0,0,0,0
tile_215.jpg,1,6,3,4,2,1,1,1,1,1,1,1
tile_219.jpg,0,0,0,0,0,0,0,0,0,0,0,0
tile_220.jpg,1,7,1,2,2,4,2,4,1,0,3,3
tile_269.jpg,0,0,0,0,0,0,0,0,0,0,0,0
tile_317.jpg,1,7,2,2,2,1,2,3,1,2,3,2
tile_365.jpg,0,0,0,0,0,0,0,0,0,0,0,0
tile_410.jpg,2,6,4,2,3,4,1,3,2,1,2,2
tile_434.jpg,2,6,7,3,1,2,2,2,2,2,2,2
tile_447.jpg,2,6,9,5,3,3,4,3,3,3,3,3
tile_457.jpg,0,0,0,0,0,0,0,0,0,0,0,0
tile_466.jpg,35,92,100,67,44,32,32,38,44,31,38,44
tile_481.jpg,16,57,41,25,25,23,16,19,20,17,24,21
tile_50.jpg,0,0,0,0,0,0,0,0,0,0,0,0
tile_501.jpg,4,12,8,6,4,5,7,3,4,3,5,6
tile_506.jpg,27,85,85,42,32,33,25,24,30,24,39,39
tile_516.jpg,24,57,54,37,21,27,23,24,22,21,32,33
tile_530.jpg,10,23,19,14,11,12,10,10,10,10,14,14
tile_589.jpg,8,28,22,19,7,13,8,12,8,9,8,12
tile_608.jpg,30,79,96,53,32,37,37,32,43,29,44,40
tile_619.jpg,31,80,82,39,54,42,35,36,43,28,47,34
tile_627.jpg,24,69,44,30,30,27,26,28,29,23,46,38
tile_721.jpg,44,84,69,46,42,52,37,42,52,36,49,49
tile_733.jpg,31,74,47,32,31,25,24,35,30,25,35,41
tile_740.jpg,34,90,74,49,44,40,29,39,38,29,45,37
tile_85.jpg,0,0,0,0,0,0,0,0,0,0,0,0
tile_860.jpg,22,68,37,21,25,28,21,22,21,25,35,36
tile_875.jpg,3,15,17,8,7,8,6,7,7,7,7,8
tile_888.jpg,5,24,22,12,8,7,6,8,7,7,7,9
tile_890.jpg,7,41,31,17,12,13,15,11,12,10,13,13
tile_898.jpg,8,29,49,18,15,16,14,12,13,14,15,14
tile_938.jpg,12,32,29,14,10,9,9,11,9,10,10,11
tile_948.jpg,16,53,44,20,19,16,12,14,18,17,18,20
tile_956.jpg,11,44,24,24,16,21,14,16,16,15,14,16
tile_980.jpg,8,63,20,18,11,11,6,9,11,9,10,10
tile_1023.jpg,0,26,1,0,0,3,1,2,0,0,2,0
tile_1034.jpg,1,33,1,0,0,7,0,8,0,1,0,1
tile_1043.jpg,0,29,0,0,1,7,2,4,0,1,0,0
tile_1085.jpg,0,7,0,0,0,4,2,4,0,0,2,0
tile_1093.jpg,0,13,1,0,0,5,2,5,1,2,0,1
tile_111.jpg,0,0,0,0,0,0,0,0,0,0,0,0
tile_1124.jpg,0,22,0,0,0,4,4,3,0,0,1,0
tile_113.jpg,0,0,0,0,0,0,0,0,0,0,0,0
tile_1130.jpg,0,17,0,0,0,4,3,4,0,0,1,0
tile_1146.jpg,0,29,0,0,0,4,4,4,0,0,1,0
tile_1161.jpg,0,25,0,0,0,3,2,2,0,0,2,1
tile_1213.jpg,0,44,0,0,0,5,1,1,0,0,2,0
tile_1226.jpg,0,27,0,0,0,4,0,1,0,0,1,0
tile_1230.jpg,0,25,0,0,0,4,2,5,0,1,2,0
tile_1335.jpg,0,0,0,0,0,0,0,0,0,0,2,0
tile_1376.jpg,0,11,0,0,0,0,0,0,0,0,2,0
tile_1390.jpg,0,12,0,0,0,0,1,5,0,0,0,0
tile_1411.jpg,0,31,0,0,0,5,8,8,0,0,2,1
tile_194.jpg,0,0,0,0,0,0,0,0,0,0,0,0
tile_201.jpg,0,0,0,0,0,0,0,0,0,0,0,0
tile_209.jpg,0,0,0,0,0,0,0,0,0,0,0,0
tile_243.jpg,1,4,4,3,1,2,1,1,1,1,1,1
tile_283.jpg,3,10,6,5,2,3,3,3,3,3,3,3
tile_308.jpg,2,15,4,4,5,4,1,4,1,2,4,2
tile_336.jpg,8,39,25,13,9,8,9,11,9,8,9,9
tile_35.jpg,0,0,0,0,0,0,0,0,0,0,0,0
tile_360.jpg,0,0,0,0,0,0,0,0,0,0,0,0
tile_391.jpg,4,12,6,7,2,2,3,4,4,4,2,4
tile_400.jpg,5,13,7,7,3,4,4,6,6,5,5,5
tile_429.jpg,12,33,44,21,17,15,13,14,14,13,15,15
tile_45.jpg,0,0,0,0,0,0,0,0,0,0,0,0
tile_46.jpg,0,0,0,0,0,0,0,0,0,0,0,0
tile_469.jpg,16,55,52,29,19,19,21,23,22,20,27,38
tile_488.jpg,4,9,11,2,3,4,3,4,5,3,5,5
tile_510.jpg,51,100,100,65,57,55,44,52,51,39,65,55
tile_524.jpg,27,80,77,39,34,28,30,35,30,28,34,31
tile_556.jpg,57,100,100,96,69,68,53,59,59,38,84,58
tile_664.jpg,26,56,69,35,27,43,29,30,38,28,41,38
tile_691.jpg,26,84,82,42,36,45,33,31,37,25,43,42
tile_697.jpg,42,100,100,60,46,51,43,54,46,35,49,48
tile_710.jpg,27,46,66,38,36,28,28,30,28,23,40,30
tile_719.jpg,38,100,100,62,45,67,45,60,60,42,88,55
tile_744.jpg,20,51,43,32,20,24,19,19,18,18,20,25
tile_771.jpg,39,100,72,60,52,64,45,59,41,41,55,48
tile_791.jpg,15,55,35,21,22,19,17,15,18,17,18,21
tile_799.jpg,13,38,64,31,14,17,16,14,17,12,17,19
tile_842.jpg,8,17,14,12,7,8,7,8,7,8,7,9
tile_869.jpg,38,96,79,60,43,44,42,38,33,33,48,41
tile_89.jpg,0,0,0,0,0,0,0,0,0,0,0,0
tile_951.jpg,11,27,35,20,13,17,11,10,13,14,21,16
tile_1011.jpg,6,88,16,21,14,11,8,16,8,9,15,17
tile_1017.jpg,0,13,0,0,0,4,1,3,0,0,2,2
tile_1036.jpg,0,25,1,2,2,6,0,4,3,0,5,1
tile_1055.jpg,0,18,0,0,0,3,3,3,0,1,3,1
tile_1065.jpg,0,15,0,0,0,4,2,2,0,0,1,0
tile_1083.jpg,0,10,0,0,0,1,0,2,0,0,1,0
tile_1133.jpg,0,21,0,0,0,3,6,4,0,0,2,3
tile_1142.jpg,0,19,0,0,0,5,3,3,0,0,1,1
tile_1162.jpg,0,21,0,0,0,4,1,4,0,0,1,2
tile_1184.jpg,0,16,0,0,0,3,3,2,0,0,0,0
tile_1256.jpg,0,25,0,0,0,4,0,2,0,0,2,0
tile_1263.jpg,0,31,0,0,0,3,0,3,0,0,2,0
tile_1275.jpg,0,23,0,0,0,3,0,2,0,0,1,0
tile_132.jpg,0,0,0,0,0,0,0,0,0,0,0,0
tile_1371.jpg,0,6,0,0,0,0,0,0,0,0,1,0
tile_1383.jpg,0,15,0,0,0,0,2,5,0,0,2,0
tile_1393.jpg,0,9,0,0,0,0,3,6,0,0,3,0
tile_1398.jpg,0,22,0,0,0,0,5,5,0,0,4,0
tile_1413.jpg,0,27,0,0,0,3,7,10,0,0,1,0
tile_176.jpg,0,0,0,0,0,0,0,0,0,0,0,0
tile_180.jpg,0,0,0,0,0,0,0,0,0,0,0,0
tile_186.jpg,1,2,5,1,1,1,1,1,1,1,1,1
tile_234.jpg,0,0,0,0,0,0,0,0,0,0,0,0
tile_259.jpg,0,1,0,0,0,0,0,0,0,0,0,0
tile_319.jpg,1,2,4,3,3,5,1,2,1,1,2,2
tile_33.jpg,0,0,0,0,0,0,0,0,0,0,0,0
tile_359.jpg,1,11,2,3,3,4,1,4,3,0,6,5
tile_383.jpg,3,9,7,5,4,3,3,3,3,3,3,3
tile_431.jpg,5,15,13,5,6,6,8,6,5,6,7,7
tile_465.jpg,31,81,100,63,37,40,31,42,36,31,42,35
tile_483.jpg,10,30,26,13,15,13,11,12,11,11,18,15
tile_498.jpg,2,10,9,9,5,6,2,2,3,3,3,3
tile_55.jpg,0,0,0,0,0,0,0,0,0,0,0,0
tile_554.jpg,44,100,100,89,64,81,48,66,53,38,57,55
tile_565.jpg,24,86,57,38,34,37,26,32,43,28,49,41
tile_592.jpg,19,80,43,29,29,20,21,24,28,23,34,31
tile_632.jpg,21,81,42,33,25,25,21,28,28,20,32,33
tile_644.jpg,28,76,79,41,29,31,25,24,30,23,34,29
tile_651.jpg,47,100,100,77,53,69,40,53,69,44,71,56
tile_655.jpg,40,100,74,46,45,45,38,36,44,34,47,39
tile_695.jpg,38,100,100,86,53,71,43,50,45,35,60,50
tile_699.jpg,30,89,97,40,36,39,29,35,40,32,44,43
tile_715.jpg,31,55,61,32,35,40,38,29,40,28,38,42
tile_716.jpg,35,85,100,53,40,48,41,53,57,38,62,48
tile_723.jpg,34,100,89,45,45,49,30,39,43,33,47,40
tile_734.jpg,29,73,52,43,29,33,24,33,27,26,34,32
tile_76.jpg,0,0,0,0,0,0,0,0,0,0,0,0
tile_816.jpg,34,100,73,47,44,45,23,39,39,33,47,45
tile_864.jpg,22,54,50,29,24,24,22,21,25,24,27,26
tile_907.jpg,22,39,33,20,19,20,17,15,20,21,18,27
tile_1001.jpg,8,97,10,9,12,26,17,26,4,12,15,26
tile_1031.jpg,0,26,2,0,1,5,2,8,2,2,3,1
tile_1097.jpg,0,22,0,0,0,4,3,6,0,0,1,1
tile_1118.jpg,0,46,0,0,0,3,3,4,0,0,3,2
tile_1134.jpg,0,22,0,0,0,4,5,4,0,0,1,2
tile_1138.jpg,0,23,0,0,0,6,3,4,0,0,1,3
tile_1155.jpg,0,28,0,0,0,5,3,4,0,1,1,1
tile_120.jpg,0,0,0,0,0,0,0,0,0,0,0,0
tile_1233.jpg,0,31,0,0,0,5,3,3,0,0,3,1
tile_1266.jpg,0,27,0,0,0,4,0,1,0,0,2,0
tile_1291.jpg,0,4,0,0,0,0,0,1,0,0,0,0
tile_1319.jpg,0,29,0,0,0,4,0,3,0,0,2,0
tile_1349.jpg,0,2,0,0,0,1,1,3,0,1,1,0
tile_1358.jpg,0,8,0,0,0,2,0,2,0,0,2,0
tile_1361.jpg,0,5,0,0,0,1,1,1,0,0,1,0
tile_1365.jpg,0,11,0,0,0,1,0,0,0,0,1,0
tile_1385.jpg,0,2,0,0,0,0,2,7,0,0,3,0
tile_1417.jpg,0,39,0,0,0,6,5,9,0,0,3,0
tile_1424.jpg,0,22,0,0,0,0,2,5,0,0,4,0
tile_153.jpg,0,0,0,0,0,0,0,0,0,0,0,0
tile_154.jpg,0,0,0,0,0,0,0,0,0,0,0,0
tile_197.jpg,0,0,0,0,0,0,0,0,0,0,0,0
tile_227.jpg,0,0,0,0,0,0,0,0,0,0,0,0
tile_263.jpg,0,0,0,0,0,0,0,0,0,0,0,0
tile_27.jpg,0,0,0,0,0,0,0,0,0,0,0,0
tile_288.jpg,2,11,6,3,2,4,2,2,2,2,2,3
tile_36.jpg,0,0,0,0,0,0,0,0,0,0,0,0
tile_362.jpg,0,0,0,0,0,0,0,0,0,0,0,0
tile_370.jpg,15,42,44,26,15,19,17,15,14,15,15,15
tile_403.jpg,4,11,7,5,4,4,4,4,4,4,5,5
tile_44.jpg,0,0,0,0,0,0,0,0,0,0,0,0
tile_529.jpg,13,37,24,19,14,14,15,15,17,19,18,20
tile_539.jpg,10,32,27,14,13,13,11,12,11,9,10,12
tile_540.jpg,12,33,32,19,14,23,15,12,10,13,13,19
tile_584.jpg,26,75,40,25,23,24,27,21,24,20,26,24
tile_601.jpg,74,100,100,97,76,73,44,72,58,40,79,62
tile_605.jpg,45,100,100,71,43,60,42,53,50,37,50,65
tile_610.jpg,36,73,94,50,46,43,33,36,35,25,46,39
tile_670.jpg,44,97,100,42,51,74,49,53,69,36,80,56
tile_698.jpg,42,95,100,73,45,57,41,50,44,36,48,44
tile_731.jpg,38,100,100,61,40,45,40,38,42,34,51,44
tile_74.jpg,0,0,0,0,0,0,0,0,0,0,0,0
tile_762.jpg,31,60,67,44,36,38,27,30,39,29,36,35
tile_772.jpg,37,100,65,41,38,44,36,42,39,32,47,38
tile_789.jpg,20,54,54,31,37,29,23,37,27,23,43,31
tile_815.jpg,29,78,50,34,29,35,29,31,27,26,33,38
tile_84.jpg,0,0,0,0,0,0,0,0,0,0,0,0
tile_922.jpg,6,15,18,9,6,6,6,7,6,6,6,7
tile_933.jpg,1,1,3,0,1,1,1,1,1,1,1,1
tile_964.jpg,17,61,35,26,21,13,14,22,14,16,22,31
tile_103.jpg,0,0,0,0,0,0,0,0,0,0,0,0
tile_1038.jpg,1,19,0,0,0,7,1,4,0,1,1,0
tile_1047.jpg,0,31,0,0,0,3,2,4,0,0,3,0
tile_1054.jpg,0,30,0,0,0,5,2,5,0,0,1,2
tile_1069.jpg,0,33,0,0,0,4,4,3,0,1,1,1
tile_1084.jpg,0,15,0,0,0,4,2,2,0,0,1,0
tile_1112.jpg,0,26,0,0,0,5,2,3,0,0,3,0
tile_1113.jpg,0,41,0,0,0,5,3,5,0,0,2,1
tile_1116.jpg,0,34,0,0,0,4,2,4,0,0,1,4
tile_1131.jpg,0,22,0,0,0,4,4,3,0,0,3,1
tile_1165.jpg,0,27,0,0,0,4,4,1,0,0,1,0
tile_1191.jpg,0,48,0,0,0,3,2,3,0,0,1,1
tile_1197.jpg,0,22,0,0,0,3,1,4,0,0,2,1
tile_1200.jpg,0,22,0,0,0,5,2,1,0,0,3,1
tile_1237.jpg,0,24,0,0,0,3,2,4,0,0,4,0
tile_1241.jpg,0,18,0,0,0,4,1,3,0,0,3,0
tile_1273.jpg,0,23,0,0,0,3,0,2,0,0,1,0
tile_177.jpg,0,0,0,0,0,0,0,0,0,0,0,0
tile_191.jpg,0,0,0,0,0,0,0,0,0,0,0,0
tile_236.jpg,1,4,0,1,2,2,2,2,2,2,2,1
tile_258.jpg,0,0,0,0,0,0,0,0,0,0,0,0
tile_32.jpg,0,0,0,0,0,0,0,0,0,0,0,0
tile_366.jpg,0,0,0,0,0,0,0,0,0,0,0,0
tile_401.jpg,3,7,10,4,3,3,3,3,3,3,3,3
tile_407.jpg,2,6,6,2,2,1,2,2,2,1,3,2
tile_426.jpg,16,53,25,23,18,19,16,14,15,15,22,15
tile_432.jpg,15,47,31,25,21,16,14,16,17,14,20,17
tile_445.jpg,2,4,12,3,2,3,2,2,3,2,2,3
tile_462.jpg,34,100,100,53,44,43,36,42,41,30,45,43
tile_468.jpg,20,66,66,45,28,40,35,27,26,25,41,30
tile_479.jpg,5,19,16,9,9,10,5,6,6,5,8,5
tile_482.jpg,11,31,27,16,11,11,10,17,12,12,16,21
tile_612.jpg,32,84,75,41,39,45,31,28,35,30,44,40
tile_634.jpg,22,90,52,31,39,34,23,26,26,24,37,30
tile_663.jpg,27,52,77,42,35,34,32,33,46,33,43,55
tile_739.jpg,31,100,100,64,37,50,38,46,40,39,51,49
tile_746.jpg,19,67,62,24,27,23,24,19,25,19,31,23
tile_750.jpg,20,46,56,35,24,29,22,25,24,23,27,23
tile_768.jpg,33,89,66,45,40,47,38,40,57,34,53,49
tile_770.jpg,39,86,74,34,44,52,38,37,44,33,44,45
tile_785.jpg,27,73,67,43,28,36,36,39,30,25,33,33
tile_825.jpg,44,100,75,54,46,54,44,60,45,33,61,53
tile_847.jpg,7,26,25,13,7,10,8,9,8,8,10,7
tile_865.jpg,19,49,42,23,16,17,19,17,18,17,19,21
tile_868.jpg,38,92,90,50,41,51,33,48,37,31,59,44
tile_873.jpg,29,89,52,42,31,43,21,26,30,24,33,36
tile_946.jpg,6,17,26,18,10,9,7,7,7,7,7,9
tile_965.jpg,22,66,45,31,21,17,13,25,17,15,22,27
tile_993.jpg,11,46,40,22,11,13,13,15,10,12,14,20
tile_999.jpg,9,74,22,25,14,12,8,21,10,15,20,20
tile_1010.jpg,7,83,19,14,12,18,7,15,5,5,8,14
tile_1050.jpg,0,31,0,1,0,4,2,4,0,0,5,0
tile_1056.jpg,0,20,0,0,0,4,3,3,0,0,1,0
tile_1107.jpg,0,40,0,0,0,6,3,4,0,0,2,2
tile_1108.jpg,0,10,0,0,0,4,2,3,0,0,1,0
tile_1111.jpg,0,33,0,0,0,3,2,2,0,1,2,0
tile_119.jpg,0,0,0,0,0,0,0,0,0,0,0,0
tile_1201.jpg,0,14,0,0,0,4,3,2,0,0,4,0
tile_1247.jpg,0,11,0,0,0,3,0,0,0,0,3,0
tile_1277.jpg,0,13,0,0,0,5,0,1,0,0,2,0
tile_1299.jpg,0,7,0,0,0,0,0,0,0,0,0,0
tile_1317.jpg,0,27,0,0,0,2,0,0,0,0,1,0
tile_1341.jpg,0,1,0,0,0,0,1,0,0,0,3,0
tile_1389.jpg,0,12,0,0,0,0,3,2,0,1,1,0
tile_149.jpg,0,0,0,0,0,0,0,0,0,0,0,0
tile_195.jpg,0,0,0,0,0,0,0,0,0,0,0,0
tile_252.jpg,1,4,11,4,2,6,1,4,1,1,3,4
tile_29.jpg,0,0,0,0,0,0,0,0,0,0,0,0
tile_300.jpg,0,0,0,0,0,0,0,0,0,0,0,0
tile_303.jpg,0,0,0,0,0,0,0,0,0,0,0,0
tile_31.jpg,0,0,0,0,0,0,0,0,0,0,0,0
tile_339.jpg,1,3,4,3,1,1,1,1,1,1,1,1
tile_355.jpg,0,0,0,0,0,0,0,0,0,0,0,0
tile_392.jpg,1,3,0,2,1,1,1,1,1,1,1,2
tile_394.jpg,2,7,14,3,2,3,2,2,2,3,4,2
tile_436.jpg,5,23,18,9,9,15,8,8,7,7,9,11
tile_489.jpg,5,14,11,10,7,7,5,5,5,5,6,7
tile_490.jpg,5,16,13,8,6,9,6,5,5,5,5,8
tile_523.jpg,22,69,69,40,30,29,21,28,24,20,30,25
tile_537.jpg,15,52,23,22,18,21,20,22,20,19,20,24
tile_54.jpg,0,0,0,0,0,0,0,0,0,0,0,0
tile_579.jpg,23,68,66,39,23,31,28,30,31,26,35,33
tile_606.jpg,52,100,100,56,47,54,40,40,41,36,47,50
tile_640.jpg,21,78,36,15,19,21,15,23,21,20,29,29
tile_658.jpg,34,77,99,57,38,37,31,32,42,25,39,44
tile_7.jpg,0,0,0,0,0,0,0,0,0,0,0,0
tile_745.jpg,35,88,85,56,32,41,34,36,45,34,44,37
tile_756.jpg,21,65,58,29,29,33,25,32,35,23,32,27
tile_760.jpg,35,77,71,38,40,47,36,43,40,33,48,46
tile_787.jpg,26,61,73,41,29,27,26,24,24,23,28,30
tile_793.jpg,23,58,76,33,21,21,25,22,24,21,22,25
tile_817.jpg,34,100,75,43,37,41,34,40,46,27,48,44
tile_832.jpg,12,31,35,20,12,13,20,14,12,12,13,14
tile_881.jpg,8,14,18,12,7,21,12,9,9,9,10,13
tile_906.jpg,14,25,34,21,11,21,13,11,14,14,16,19
tile_909.jpg,19,37,27,21,16,21,24,18,19,22,25,27
tile_937.jpg,11,35,34,12,12,10,11,13,12,11,13,14
tile_941.jpg,5,17,17,8,7,6,7,6,6,7,6,9
tile_972.jpg,6,24,13,15,6,12,8,10,9,6,7,8
tile_989.jpg,4,22,12,6,4,7,5,7,4,5,4,5
tile_1009.jpg,14,96,36,20,25,22,11,20,14,10,15,30
tile_101.jpg,0,0,0,0,0,0,0,0,0,0,0,0
tile_1048.jpg,1,52,0,0,0,1,1,3,0,1,1,1
tile_1087.jpg,0,16,0,0,0,3,2,3,0,1,0,0
tile_1098.jpg,0,9,0,0,0,3,2,4,0,0,2,0
tile_1106.jpg,0,33,0,0,0,3,3,4,0,0,1,2
tile_1126.jpg,0,15,0,0,0,4,2,3,0,0,1,0
tile_1144.jpg,0,33,0,0,0,4,5,5,0,0,0,0
tile_1166.jpg,0,26,0,0,0,4,1,2,0,0,2,0
tile_122.jpg,0,0,0,0,0,0,0,0,0,0,0,0
tile_1232.jpg,0,25,0,0,0,3,0,4,0,0,1,0
tile_125.jpg,0,0,0,0,0,0,0,0,0,0,0,0
tile_1259.jpg,0,25,0,0,0,5,3,5,0,0,2,0
tile_1268.jpg,0,21,0,0,0,4,1,2,0,0,2,0
tile_1302.jpg,0,3,0,0,0,0,2,1,0,0,2,0
tile_1315.jpg,0,13,0,0,0,0,0,0,0,0,1,0
tile_1414.jpg,0,28,0,0,0,2,9,7,0,0,4,1
tile_1419.jpg,0,21,0,0,0,0,7,6,0,0,2,0
tile_157.jpg,0,0,0,0,0,0,0,0,0,0,0,0
tile_185.jpg,0,0,0,0,0,0,0,0,0,0,0,0
tile_231.jpg,1,5,2,2,2,1,1,1,1,1,1,1
tile_245.jpg,0,0,0,0,0,0,0,0,0,0,0,0
tile_247.jpg,0,0,0,0,0,0,0,0,0,0,0,0
tile_287.jpg,2,5,7,3,3,3,3,3,3,3,3,3
tile_318.jpg,2,7,9,2,3,2,2,3,2,2,2,2
tile_327.jpg,10,24,26,13,11,14,11,12,11,10,18,15
tile_347.jpg,0,0,0,0,0,0,0,0,0,0,0,0
tile_361.jpg,1,6,2,3,2,1,1,1,1,1,1,1
tile_375.jpg,11,46,31,22,14,15,13,15,12,15,11,13
tile_421.jpg,24,82,62,50,37,24,27,29,27,23,34,32
tile_422.jpg,19,47,37,17,23,21,18,15,22,19,22,28
tile_495.jpg,5,12,6,8,5,5,6,8,5,4,7,8
tile_508.jpg,50,100,100,100,67,80,50,52,67,40,66,55
tile_526.jpg,22,80,75,31,33,34,27,26,29,30,41,32
tile_535.jpg,12,39,40,23,15,18,17,12,13,14,13,16
tile_602.jpg,58,100,100,94,72,78,62,69,73,44,77,70
tile_618.jpg,24,75,82,37,30,31,26,28,28,27,30,33
tile_622.jpg,32,79,81,44,44,43,29,34,38,29,48,40
tile_682.jpg,22,68,48,27,27,27,21,33,27,23,39,33
tile_749.jpg,27,81,83,43,34,43,34,29,29,28,38,36
tile_767.jpg,30,66,69,43,36,37,38,33,38,37,47,46
tile_796.jpg,14,37,26,20,18,17,16,14,16,15,16,19
tile_823.jpg,31,100,56,34,34,43,29,37,36,30,44,46
tile_851.jpg,14,32,34,17,15,18,17,17,17,15,21,20
tile_867.jpg,32,74,64,42,31,32,27,29,35,30,37,35
tile_877.jpg,11,23,26,12,12,10,12,10,11,11,12,11
tile_94.jpg,0,0,0,0,0,0,0,0,0,0,0,0
tile_960.jpg,18,44,25,20,10,8,11,15,12,13,15,17
tile_975.jpg,8,44,26,15,10,9,10,9,10,8,9,13
tile_988.jpg,6,22,18,14,9,8,10,12,14,10,12,13
tile_1002.jpg,10,100,16,21,17,11,6,14,12,9,14,23
tile_1019.jpg,1,20,0,0,0,1,2,3,0,2,0,0
tile_1039.jpg,0,24,0,0,1,4,2,2,1,1,1,0
tile_1073.jpg,0,48,0,0,0,4,2,5,0,0,1,1
tile_1125.jpg,0,20,0,0,0,5,2,1,0,0,1,0
tile_1178.jpg,0,18,0,0,0,4,4,3,0,0,2,1
tile_1258.jpg,0,35,0,0,0,3,2,3,0,0,4,1
tile_1261.jpg,0,22,0,0,0,2,0,4,0,0,1,0
tile_1280.jpg,0,21,0,0,0,5,0,1,0,0,2,0
tile_1292.jpg,0,2,0,0,0,0,0,0,0,0,1,0
tile_1309.jpg,0,6,0,0,0,0,0,0,0,0,1,0
tile_1310.jpg,0,6,0,0,0,0,1,0,0,0,0,0
tile_140.jpg,0,0,0,0,0,0,0,0,0,0,0,0
tile_1406.jpg,0,15,0,0,0,0,2,8,0,0,4,0
tile_1416.jpg,0,19,0,0,0,2,3,9,0,0,2,0
tile_144.jpg,0,0,0,0,0,0,0,0,0,0,0,0
tile_150.jpg,0,0,0,0,0,0,0,0,0,0,0,0
tile_16.jpg,0,0,0,0,0,0,0,0,0,0,0,0
tile_203.jpg,0,0,0,0,0,0,0,0,0,0,0,0
tile_21.jpg,0,0,0,0,0,0,0,0,0,0,0,0
tile_232.jpg,0,0,0,0,0,0,0,0,0,0,0,0
tile_257.jpg,2,17,7,6,4,4,2,3,2,2,2,3
tile_26.jpg,0,0,0,0,0,0,0,0,0,0,0,0
tile_367.jpg,0,0,0,0,0,0,0,0,0,0,0,0
tile_390.jpg,3,9,13,6,4,4,3,3,3,3,3,4
tile_435.jpg,3,8,4,4,3,5,3,4,3,3,3,3
tile_455.jpg,3,13,6,5,5,2,3,3,3,3,3,4
tile_464.jpg,39,100,100,60,48,57,41,50,53,39,58,50
tile_471.jpg,23,72,63,36,35,27,28,24,27,23,31,27
tile_499.jpg,4,15,7,7,6,6,5,5,5,5,4,7
tile_500.jpg,3,13,14,10,3,6,2,3,3,2,3,5
tile_544.jpg,7,23,8,10,9,11,7,7,9,11,9,9
tile_553.jpg,34,100,100,62,49,48,38,42,38,34,51,38
tile_636.jpg,21,79,46,38,29,28,27,29,22,23,27,29
tile_639.jpg,18,64,37,30,22,21,19,19,20,17,21,21
tile_66.jpg,0,0,0,0,0,0,0,0,0,0,0,0
tile_672.jpg,32,96,72,49,40,51,40,49,54,37,59,52
tile_674.jpg,43,99,83,51,49,61,43,51,49,39,59,50
tile_683.jpg,16,62,33,19,16,19,16,19,17,15,20,21
tile_71.jpg,0,0,0,0,0,0,0,0,0,0,0,0
tile_79.jpg,0,0,0,0,0,0,0,0,0,0,0,0
tile_800.jpg,16,42,50,28,20,22,20,18,20,20,21,28
tile_802.jpg,15,44,48,24,20,19,21,18,18,15,23,19
tile_827.jpg,43,100,87,59,45,58,33,38,34,35,48,48
tile_859.jpg,24,67,42,25,23,26,22,24,25,21,23,31
tile_871.jpg,33,100,68,56,40,40,24,30,34,34,37,37
tile_893.jpg,11,30,28,16,14,15,13,10,11,10,12,14
tile_95.jpg,0,0,0,0,0,0,0,0,0,0,0,0
tile_966.jpg,7,43,16,10,10,9,10,7,7,7,6,6
tile_983.jpg,5,26,9,7,3,10,8,5,3,4,3,6
tile_1000.jpg,10,81,17,17,23,16,16,30,16,11,22,22
tile_1061.jpg,0,28,0,0,0,3,2,4,0,0,1,0
tile_1068.jpg,0,38,0,0,0,4,2,4,0,0,2,1
tile_1101.jpg,0,9,0,0,0,4,2,3,0,0,0,0
tile_1137.jpg,0,26,0,0,0,4,3,4,0,0,1,1
tile_1154.jpg,0,38,0,0,0,3,3,4,0,0,1,1
tile_1239.jpg,0,28,1,0,0,5,1,1,0,0,2,0
tile_1274.jpg,0,13,0,0,0,5,0,2,0,0,2,0
tile_1276.jpg,0,16,0,0,0,4,0,3,0,0,0,0
tile_1278.jpg,0,18,0,0,0,4,0,4,0,0,1,0
tile_1313.jpg,0,15,0,0,0,1,0,0,0,0,2,0
tile_1344.jpg,0,0,0,0,0,0,0,0,0,0,2,0
tile_1346.jpg,0,0,0,0,0,0,0,1,0,0,2,0
tile_1382.jpg,0,15,0,0,0,0,3,2,0,0,3,0
tile_1388.jpg,0,15,0,0,0,0,6,6,0,0,1,0
tile_1394.jpg,0,18,0,0,0,1,2,6,0,0,4,0
tile_1410.jpg,0,25,0,0,0,3,9,6,0,0,4,0
tile_1423.jpg,0,28,0,0,0,2,4,6,0,0,2,0
tile_148.jpg,0,0,0,0,0,0,0,0,0,0,0,0
tile_162.jpg,0,0,0,0,0,0,0,0,0,0,0,0
tile_165.jpg,0,0,0,0,0,0,0,0,0,0,0,0
tile_198.jpg,0,0,0,0,0,0,0,0,0,0,0,0
tile_210.jpg,0,0,0,0,0,0,0,0,0,0,0,0
tile_256.jpg,0,0,0,0,0,0,0,0,0,0,0,0
tile_275.jpg,0,1,1,0,0,0,1,0,0,0,0,2
tile_290.jpg,2,3,5,3,2,3,2,2,2,2,2,2
tile_315.jpg,0,0,0,0,0,0,0,0,0,0,0,0
tile_325.jpg,6,20,14,8,7,8,9,7,7,6,6,9
tile_396.jpg,1,4,4,3,3,3,2,3,1,3,1,4
tile_404.jpg,2,6,4,6,3,5,3,2,2,2,2,4
tile_41.jpg,0,0,0,0,0,0,0,0,0,0,0,0
tile_419.jpg,28,63,54,39,26,26,23,20,28,21,38,40
tile_444.jpg,0,0,1,0,0,0,0,0,0,0,0,0
tile_451.jpg,0,2,0,0,0,0,0,1,1,0,1,0
tile_461.jpg,22,65,55,32,20,24,18,21,20,20,22,27
tile_542.jpg,11,38,26,23,14,19,12,15,13,10,14,16
tile_56.jpg,0,0,0,0,0,0,0,0,0,0,0,0
tile_576.jpg,28,80,68,41,35,42,31,29,31,27,43,36
tile_594.jpg,10,39,18,11,11,13,12,13,12,12,15,14
tile_629.jpg,27,77,57,33,38,35,26,32,38,27,44,33
tile_653.jpg,38,67,67,53,36,44,32,40,47,29,41,48
tile_680.jpg,21,77,58,32,26,29,22,25,37,21,31,23
tile_726.jpg,32,100,64,48,35,35,30,33,30,29,49,38
tile_743.jpg,32,79,85,48,40,42,35,32,34,34,35,52
tile_781.jpg,34,91,71,60,37,35,31,36,35,29,43,40
tile_794.jpg,14,33,29,20,13,13,13,15,14,13,15,18
tile_818.jpg,40,97,100,50,49,43,34,39,49,34,53,47
tile_927.jpg,5,22,20,12,9,7,7,8,6,9,7,8
tile_93.jpg,0,0,0,0,0,0,0,0,0,0,0,0
tile_96.jpg,0,0,0,0,0,0,0,0,0,0,0,0
tile_100.jpg,0,0,0,0,0,0,0,0,0,0,0,0
tile_102.jpg,0,0,0,0,0,0,0,0,0,0,0,0
tile_1040.jpg,3,30,2,0,0,8,4,6,0,1,1,1
tile_1066.jpg,0,38,0,0,0,3,3,3,0,0,2,1
tile_1089.jpg,0,8,0,0,0,4,1,2,0,0,0,0
tile_1104.jpg,0,35,0,0,0,5,2,5,0,0,3,2
tile_114.jpg,0,0,0,0,0,0,0,0,0,0,0,0
tile_1173.jpg,0,21,0,0,0,5,3,4,0,0,2,0
tile_1177.jpg,0,32,0,0,0,2,4,4,0,0,1,2
tile_1209.jpg,0,13,0,0,0,4,1,0,0,0,1,0
tile_1216.jpg,0,6,0,0,0,4,1,2,0,0,1,0
tile_1223.jpg,0,12,0,0,0,3,1,0,0,0,1,0
tile_1286.jpg,0,11,0,0,0,5,0,3,0,0,3,0
tile_1307.jpg,0,1,0,0,0,0,0,0,0,0,1,0
tile_1381.jpg,0,13,0,0,0,0,0,2,0,0,3,0
tile_1392.jpg,0,16,0,0,0,0,0,6,0,1,3,0
tile_1404.jpg,0,24,0,0,0,0,4,6,0,0,2,0
tile_166.jpg,0,0,0,0,0,0,0,0,0,0,0,0
tile_17.jpg,0,0,0,0,0,0,0,0,0,0,0,0
tile_196.jpg,0,0,0,0,0,0,0,0,0,0,0,0
tile_244.jpg,0,0,0,0,0,0,0,0,0,0,0,0
tile_249.jpg,0,0,0,0,0,0,0,0,0,0,0,0
tile_3.jpg,0,0,0,0,0,0,0,0,0,0,0,0
tile_309.jpg,1,1,7,4,1,2,1,2,1,1,1,1
tile_331.jpg,5,20,16,7,5,5,5,5,5,5,5,5
tile_368.jpg,12,30,21,18,12,11,11,12,13,13,12,13
tile_373.jpg,18,80,60,39,25,23,18,25,22,20,24,28
tile_414.jpg,16,51,39,18,22,17,20,16,17,17,21,23
tile_430.jpg,15,45,30,27,18,23,18,19,16,16,19,22
tile_573.jpg,22,66,60,30,34,35,32,25,39,23,39,29
tile_582.jpg,18,42,44,35,20,27,19,19,18,17,29,22
tile_59.jpg,0,0,0,0,0,0,0,0,0,0,0,0
tile_609.jpg,30,65,79,53,27,38,24,25,28,28,33,33
tile_635.jpg,15,49,38,26,25,23,17,20,18,19,25,21
tile_654.jpg,37,82,94,68,38,47,37,39,39,29,40,39
tile_696.jpg,35,96,100,65,38,41,35,34,41,32,35,45
tile_703.jpg,33,88,93,52,43,51,38,46,38,36,45,40
tile_730.jpg,28,100,67,50,37,33,36,39,39,30,50,42
tile_775.jpg,26,88,44,33,30,26,23,25,24,26,38,29
tile_786.jpg,14,42,38,18,16,14,20,17,13,15,13,16
tile_813.jpg,28,75,40,29,23,36,29,34,36,26,42,32
tile_843.jpg,7,21,20,11,7,7,7,7,8,7,7,8
tile_848.jpg,11,35,24,18,23,17,15,15,18,17,13,21
tile_894.jpg,11,41,34,17,15,12,11,11,10,10,13,13
tile_913.jpg,19,51,31,19,19,14,14,20,17,19,20,21
tile_919.jpg,20,40,41,23,23,21,20,16,17,20,19,19
tile_950.jpg,9,30,34,16,10,13,8,10,9,9,11,11
tile_952.jpg,11,36,30,22,10,12,8,10,8,9,15,14
tile_959.jpg,13,42,22,17,12,19,11,15,13,15,16,16
tile_998.jpg,9,75,25,23,20,17,23,27,13,11,15,18
tile_1044.jpg,0,17,0,0,0,4,2,4,0,0,3,1
tile_1046.jpg,0,35,0,0,0,3,2,6,0,0,1,0
tile_1074.jpg,0,40,0,0,0,5,4,1,0,0,2,1
tile_1182.jpg,0,31,0,0,0,3,4,4,0,0,0,2
tile_1215.jpg,0,2,0,0,0,1,0,0,0,0,1,0
tile_1251.jpg,0,18,0,0,0,3,1,4,0,0,1,0
tile_1293.jpg,0,2,0,0,0,0,0,0,0,0,1,0
tile_1311.jpg,0,14,0,0,0,0,0,0,0,0,1,0
tile_135.jpg,0,0,0,0,0,0,0,0,0,0,0,0
tile_1400.jpg,0,7,0,0,0,0,1,1,0,0,3,0
tile_160.jpg,0,0,0,0,0,0,0,0,0,0,0,0
tile_161.jpg,0,0,0,0,0,0,0,0,0,0,0,0
tile_163.jpg,0,0,0,0,0,0,0,0,0,0,0,0
tile_173.jpg,0,0,0,0,0,0,0,0,0,0,0,0
tile_182.jpg,0,0,0,0,0,0,0,0,0,0,0,0
tile_253.jpg,0,0,0,0,0,0,0,0,0,0,0,0
tile_277.jpg,6,17,15,10,6,7,6,6,6,6,6,6
tile_312.jpg,3,12,9,6,5,6,4,3,3,3,4,5
tile_330.jpg,7,19,15,11,7,10,7,7,7,7,11,9
tile_333.jpg,3,13,7,4,4,6,5,4,3,3,3,7
tile_345.jpg,2,4,7,5,5,2,2,2,3,3,3,2
tile_384.jpg,4,10,10,4,5,4,5,6,5,5,5,7
tile_393.jpg,1,7,4,3,2,1,2,1,1,1,1,2
tile_409.jpg,5,13,7,9,9,8,4,5,5,5,4,5
tile_438.jpg,4,5,9,7,5,4,4,6,4,4,6,6
tile_47.jpg,0,0,0,0,0,0,0,0,0,0,0,0
tile_518.jpg,21,63,64,27,23,22,23,19,22,21,26,24
tile_521.jpg,21,64,37,27,24,26,21,25,24,22,30,30
tile_525.jpg,22,52,46,31,25,29,25,22,26,28,31,24
tile_563.jpg,30,78,100,43,35,43,33,34,33,28,35,36
tile_616.jpg,32,95,90,46,37,39,35,36,51,33,48,46
tile_677.jpg,40,100,100,62,46,57,38,60,54,40,53,48
tile_692.jpg,46,100,100,60,55,61,38,44,51,37,51,43
tile_701.jpg,32,72,69,37,33,45,30,27,38,27,38,34
tile_708.jpg,32,100,73,36,41,55,38,39,40,34,56,45
tile_736.jpg,31,68,69,53,26,27,26,27,27,27,32,31
tile_77.jpg,0,0,0,0,0,0,0,0,0,0,0,0
tile_811.jpg,30,82,89,42,35,40,32,40,35,30,42,35
tile_822.jpg,36,100,84,59,47,48,36,51,45,35,42,51
tile_828.jpg,15,47,44,22,20,16,15,17,15,15,17,17
tile_829.jpg,13,32,44,21,12,12,13,13,12,12,12,13
tile_83.jpg,0,0,0,0,0,0,0,0,0,0,0,0
tile_836.jpg,12,42,32,17,12,12,17,15,13,14,12,15
tile_874.jpg,15,32,42,18,16,18,16,14,14,14,14,17
tile_905.jpg,8,43,35,15,10,15,13,14,13,14,12,17
tile_916.jpg,18,42,36,27,19,23,19,22,18,16,21,22
tile_926.jpg,2,7,4,4,3,3,2,2,2,2,2,2
tile_935.jpg,5,14,14,5,6,12,7,4,6,4,5,5
tile_976.jpg,3,11,4,3,2,4,4,4,4,3,2,3
tile_978.jpg,7,29,16,14,10,12,8,9,7,8,8,11
tile_1008.jpg,11,90,23,20,22,13,9,24,18,16,21,24
tile_1063.jpg,0,39,0,0,0,4,3,4,0,0,2,1
tile_1096.jpg,0,32,0,0,0,2,4,3,0,0,1,0
tile_12.jpg,0,0,0,0,0,0,0,0,0,0,0,0
tile_1202.jpg,0,32,0,0,0,3,1,3,0,0,2,1
tile_1217.jpg,0,11,0,0,0,4,1,2,0,0,1,0
tile_1250.jpg,0,28,0,0,0,3,2,1,0,0,3,0
tile_129.jpg,0,0,0,0,0,0,0,0,0,0,0,0
tile_1305.jpg,0,2,0,0,0,0,2,3,0,0,1,0
tile_1323.jpg,0,13,0,0,0,4,2,0,0,0,1,0
tile_1324.jpg,0,24,0,0,0,3,1,2,0,0,1,0
tile_1339.jpg,0,2,0,0,0,0,0,0,0,0,2,0
tile_1367.jpg,0,10,0,0,0,1,1,0,0,0,2,0
tile_146.jpg,0,0,0,0,0,0,0,0,0,0,0,0
tile_159.jpg,0,0,0,0,0,0,0,0,0,0,0,0
tile_184.jpg,0,0,0,0,0,0,0,0,0,0,0,0
tile_200.jpg,0,0,0,0,0,0,0,0,0,0,0,0
tile_202.jpg,0,0,0,0,0,0,0,0,0,0,0,0
tile_226.jpg,0,0,0,0,0,0,0,0,0,0,0,0
tile_267.jpg,0,0,0,0,0,0,0,0,0,0,0,0
tile_323.jpg,5,12,12,8,4,4,5,4,4,5,4,5
tile_358.jpg,1,1,4,1,2,3,1,1,1,1,1,1
tile_389.jpg,0,0,0,0,0,0,0,0,0,0,0,0
tile_428.jpg,12,34,34,20,18,14,12,14,12,12,14,12
tile_467.jpg,31,99,95,38,32,36,28,31,29,22,28,44
tile_472.jpg,14,49,37,32,22,23,19,23,16,15,20,21
tile_480.jpg,11,29,31,23,18,19,18,13,17,15,15,14
tile_504.jpg,0,1,1,0,0,0,0,0,0,0,0,0
tile_515.jpg,29,99,91,66,42,36,35,32,35,29,41,41
tile_53.jpg,0,0,0,0,0,0,0,0,0,0,0,0
tile_555.jpg,54,100,100,100,80,87,59,81,57,51,80,65
tile_562.jpg,23,57,91,66,30,33,28,32,27,26,32,37
tile_596.jpg,9,29,24,19,13,13,12,10,9,8,12,13
tile_611.jpg,34,92,100,47,49,59,37,40,50,34,48,48
tile_62.jpg,0,0,0,0,0,0,0,0,0,0,0,0
tile_661.jpg,29,77,99,48,42,45,37,37,45,33,53,44
tile_662.jpg,28,83,53,35,30,40,40,31,45,30,40,46
tile_678.jpg,29,86,74,43,30,37,29,27,33,29,44,39
tile_8.jpg,0,0,0,0,0,0,0,0,0,0,0,0
tile_803.jpg,16,45,55,30,21,23,23,19,21,19,24,28
tile_838.jpg,15,44,44,33,17,14,16,13,16,15,19,20
tile_841.jpg,9,16,22,13,9,9,12,10,9,9,9,9
tile_883.jpg,13,31,41,18,14,14,13,14,14,13,13,13
tile_889.jpg,8,24,20,19,10,15,10,10,11,12,12,10
tile_917.jpg,16,54,33,30,16,20,16,22,20,19,24,23
tile_924.jpg,8,30,45,14,9,10,9,8,8,9,8,11
tile_957.jpg,13,54,34,25,17,14,10,16,14,18,20,26
tile_973.jpg,3,18,4,9,3,6,2,5,2,3,3,3
tile_986.jpg,5,29,29,9,11,9,10,10,5,7,7,7
tile_99.jpg,0,0,0,0,0,0,0,0,0,0,0,0
tile_1003.jpg,18,100,22,28,29,18,12,28,13,11,33,28
tile_1006.jpg,14,100,16,25,25,17,12,32,19,13,19,25
tile_1016.jpg,0,19,0,0,0,4,2,2,0,0,1,1
tile_1045.jpg,0,20,0,0,0,4,3,4,0,1,0,1
tile_1051.jpg,0,21,0,0,0,3,2,4,0,0,2,1
tile_1070.jpg,0,37,0,0,0,5,4,3,0,0,2,1
tile_1082.jpg,0,13,0,0,0,2,0,1,0,0,1,0
tile_1159.jpg,0,48,0,0,0,4,4,2,0,0,3,1
tile_1168.jpg,0,33,0,0,0,4,3,3,0,0,0,1
tile_1172.jpg,0,17,0,0,0,4,1,1,0,0,1,0
tile_1188.jpg,0,31,0,0,0,3,3,2,0,0,1,0
tile_1199.jpg,0,29,0,0,0,3,2,3,0,0,1,1
tile_127.jpg,0,0,0,0,0,0,0,0,0,0,0,0
tile_131.jpg,0,0,0,0,0,0,0,0,0,0,0,0
tile_1347.jpg,0,1,0,0,0,0,0,0,0,0,1,0
tile_1362.jpg,0,7,0,0,0,1,0,3,0,0,1,0
tile_1409.jpg,0,23,0,0,0,0,0,6,0,0,4,0
tile_158.jpg,0,0,0,0,0,0,0,0,0,0,0,0
tile_216.jpg,1,1,5,1,1,1,1,1,1,1,1,1
tile_24.jpg,0,0,0,0,0,0,0,0,0,0,0,0
tile_246.jpg,1,2,4,1,1,1,1,1,1,1,1,1
tile_250.jpg,0,0,0,0,0,0,0,0,0,0,0,0
tile_343.jpg,3,14,8,4,3,4,2,4,3,3,3,3
tile_377.jpg,12,55,24,26,20,15,14,18,13,12,17,16
tile_395.jpg,2,5,6,4,2,3,2,2,2,2,2,2
tile_473.jpg,19,48,53,19,29,21,21,21,22,19,27,20
tile_541.jpg,7,23,24,14,10,11,8,10,9,7,7,8
tile_6.jpg,0,0,0,0,0,0,0,0,0,0,0,0
tile_600.jpg,59,100,100,98,83,68,56,83,63,45,80,71
tile_628.jpg,28,78,69,38,38,44,34,31,40,26,49,34
tile_64.jpg,0,0,0,0,0,0,0,0,0,0,0,0
tile_648.jpg,32,100,100,75,43,55,39,39,42,34,49,42
tile_649.jpg,44,100,100,54,50,48,50,48,52,38,63,57
tile_722.jpg,35,76,63,54,41,61,38,38,48,33,49,39
tile_732.jpg,23,84,54,31,27,26,23,27,28,28,35,31
tile_735.jpg,23,98,46,43,30,25,23,28,20,26,26,34
tile_75.jpg,0,0,0,0,0,0,0,0,0,0,0,0
tile_778.jpg,46,100,93,81,45,52,38,49,43,29,52,50
tile_780.jpg,39,100,75,56,36,45,32,38,34,30,45,38
tile_795.jpg,22,62,60,35,30,30,21,24,23,26,29,27
tile_808.jpg,20,44,63,29,24,21,25,24,24,21,37,26
tile_826.jpg,38,100,91,52,46,50,28,38,35,31,41,40
tile_831.jpg,16,59,41,24,25,19,17,17,18,16,19,19
tile_857.jpg,24,41,37,28,20,27,20,21,31,21,34,29
tile_878.jpg,10,36,21,16,13,14,15,16,15,14,14,18
tile_90.jpg,0,0,0,0,0,0,0,0,0,0,0,0
tile_903.jpg,15,30,29,16,18,19,20,14,16,15,19,19
tile_910.jpg,19,53,50,26,24,20,18,20,18,19,17,25
tile_925.jpg,5,11,17,5,7,6,5,11,7,6,12,6
tile_962.jpg,18,67,29,25,23,22,21,22,18,19,20,28
tile_1018.jpg,0,29,1,0,0,5,1,5,0,0,1,0
tile_1171.jpg,0,19,0,0,0,2,2,2,0,0,1,0
tile_1207.jpg,0,10,0,0,0,4,1,1,0,0,2,0
tile_121.jpg,0,0,0,0,0,0,0,0,0,0,0,0
tile_1257.jpg,0,17,0,0,0,3,1,4,0,1,1,0
tile_1267.jpg,0,21,0,0,0,3,2,2,0,0,2,0
tile_1320.jpg,0,22,0,0,0,4,0,2,0,0,3,0
tile_1352.jpg,0,4,0,0,0,0,1,1,0,0,3,0
tile_1353.jpg,0,1,0,0,0,0,0,0,0,0,1,0
tile_1369.jpg,0,7,0,0,0,0,0,0,0,0,1,0
tile_1379.jpg,0,11,0,0,0,1,0,1,0,0,1,0
tile_1412.jpg,0,14,0,0,0,0,2,5,0,0,4,1
tile_206.jpg,2,6,8,2,3,3,2,3,2,2,4,3
tile_211.jpg,0,0,0,0,0,0,0,0,0,0,0,0
tile_222.jpg,0,0,0,0,0,0,0,0,0,0,0,0
tile_272.jpg,0,0,0,0,0,0,0,0,0,0,0,0
tile_28.jpg,0,0,0,0,0,0,0,0,0,0,0,0
tile_334.jpg,3,5,8,3,3,3,2,2,2,2,2,3
tile_337.jpg,0,0,1,0,0,0,0,0,0,0,0,0
tile_356.jpg,0,0,0,0,0,0,0,0,0,0,0,0
tile_363.jpg,0,0,0,0,0,0,0,0,0,0,0,0
tile_380.jpg,8,24,21,11,10,10,7,8,11,9,8,10
tile_424.jpg,20,52,48,32,25,21,21,23,19,22,26,31
tile_441.jpg,5,18,13,10,4,6,4,6,5,6,6,7
tile_474.jpg,26,69,96,37,32,34,23,30,38,27,38,30
tile_475.jpg,17,45,47,39,21,24,21,18,22,17,31,22
tile_476.jpg,19,37,46,31,22,22,19,35,21,19,32,24
tile_497.jpg,7,25,16,12,8,9,8,8,8,7,10,11
tile_511.jpg,42,100,100,82,54,50,40,48,52,38,52,60
tile_517.jpg,15,43,29,19,19,21,16,14,19,16,19,20
tile_527.jpg,23,81,74,37,45,44,28,33,25,30,40,31
tile_534.jpg,13,50,29,17,17,14,12,16,16,15,21,24
tile_538.jpg,11,37,27,18,14,13,12,12,12,12,14,13
tile_560.jpg,30,89,100,74,41,49,33,44,33,28,46,43
tile_571.jpg,21,60,75,35,26,30,21,22,24,22,28,28
tile_577.jpg,27,100,76,60,43,48,31,35,51,31,62,44
tile_621.jpg,27,64,47,40,35,36,33,28,29,28,38,35
tile_631.jpg,25,100,52,35,36,37,25,31,29,27,38,41
tile_717.jpg,38,100,100,59,55,65,47,53,58,39,61,53
tile_752.jpg,25,62,62,31,28,34,26,20,22,19,29,28
tile_776.jpg,43,95,85,56,40,52,33,44,44,31,51,43
tile_777.jpg,38,100,68,39,42,47,38,40,41,36,42,43
tile_804.jpg,13,28,28,19,18,16,14,13,13,12,12,13
tile_846.jpg,12,34,36,21,15,14,18,12,15,14,15,17
tile_862.jpg,26,76,60,28,34,38,28,28,29,26,30,33
tile_928.jpg,9,34,34,12,9,10,10,9,9,9,10,9
tile_930.jpg,7,10,17,7,6,7,6,7,6,7,6,7
tile_955.jpg,8,25,23,13,8,9,8,11,7,8,11,11
tile_979.jpg,2,31,12,7,4,10,3,5,3,4,2,5
tile_982.jpg,5,27,19,12,5,8,6,7,5,7,5,7
tile_1.jpg,0,0,0,0,0,0,0,0,0,0,0,0
tile_1007.jpg,12,82,15,20,23,14,16,13,13,13,11,15
tile_1057.jpg,0,23,0,0,0,2,3,4,0,0,2,1
tile_1067.jpg,0,30,0,0,0,5,3,4,0,0,1,1
tile_1121.jpg,0,48,0,0,0,3,2,4,0,0,4,3
tile_1143.jpg,0,30,0,0,0,4,2,3,0,0,0,1
tile_1147.jpg,0,14,0,0,0,6,3,3,0,0,1,2
tile_1169.jpg,0,23,0,0,0,2,2,0,0,0,1,0
tile_1235.jpg,0,33,0,0,0,4,2,3,0,0,2,0
tile_1238.jpg,0,28,0,0,0,6,3,2,0,0,0,0
tile_1254.jpg,0,23,0,0,0,3,1,2,0,0,3,0
tile_1295.jpg,0,2,0,0,0,0,3,3,0,0,0,0
tile_1303.jpg,0,4,0,0,0,0,2,2,0,0,1,0
tile_1304.jpg,0,2,0,0,0,0,2,1,0,0,2,0
tile_1337.jpg,0,2,0,0,0,0,0,0,0,0,1,0
tile_1421.jpg,0,37,0,0,0,3,5,7,0,0,3,0
tile_213.jpg,0,0,0,0,0,0,0,0,0,0,0,0
tile_238.jpg,3,6,9,4,3,4,4,3,3,3,3,3
tile_260.jpg,1,1,0,0,0,1,1,1,1,1,1,1
tile_270.jpg,0,0,0,0,0,0,0,0,0,0,0,0
tile_286.jpg,2,4,8,1,2,2,3,2,2,2,2,2
tile_298.jpg,1,1,5,3,1,1,2,1,1,1,1,2
tile_346.jpg,2,7,5,5,2,2,2,2,2,2,2,2
tile_348.jpg,1,0,2,0,0,0,0,0,0,0,0,0
tile_378.jpg,13,48,38,26,18,20,12,15,14,11,15,16
tile_411.jpg,0,0,0,0,0,0,0,0,0,0,0,0
tile_413.jpg,0,0,0,0,0,0,0,0,0,0,0,0
tile_449.jpg,4,13,10,9,6,7,4,4,4,4,4,4
tile_487.jpg,8,15,15,11,7,8,7,7,7,9,8,9
tile_493.jpg,8,28,14,13,14,7,13,8,10,7,12,11
tile_512.jpg,38,100,100,84,46,52,40,41,44,36,48,49
tile_580.jpg,24,65,64,42,31,34,25,26,31,27,37,35
tile_61.jpg,0,0,0,0,0,0,0,0,0,0,0,0
tile_614.jpg,24,55,65,36,27,31,30,26,23,24,37,30
tile_626.jpg,25,68,59,38,35,31,25,26,27,25,40,30
tile_646.jpg,57,100,100,96,67,67,58,68,58,47,75,64
tile_652.jpg,39,81,97,69,41,49,36,40,45,40,50,51
tile_657.jpg,24,69,79,41,26,38,32,23,28,25,44,35
tile_666.jpg,45,100,100,67,58,65,49,71,55,43,68,58
tile_70.jpg,0,0,0,0,0,0,0,0,0,0,0,0
tile_738.jpg,40,92,100,70,46,44,39,47,42,34,41,43
tile_751.jpg,15,26,36,16,14,16,15,13,14,14,15,17
tile_810.jpg,18,50,41,30,23,26,18,23,19,18,23,22
tile_837.jpg,18,64,46,29,23,19,17,18,17,17,18,21
tile_86.jpg,0,0,0,0,0,0,0,0,0,0,0,0
tile_861.jpg,32,68,60,37,34,40,28,31,30,27,33,32
tile_904.jpg,17,43,46,20,18,22,19,16,18,16,19,19
tile_942.jpg,11,35,31,13,10,13,12,12,11,9,14,11
tile_945.jpg,8,25,28,11,9,9,9,9,10,11,10,10
tile_995.jpg,8,58,26,20,15,14,15,13,20,13,17,16
tile_1005.jpg,15,100,18,37,25,14,14,22,11,13,21,31
tile_1035.jpg,0,13,2,1,3,2,2,3,1,1,4,1
tile_1102.jpg,0,20,0,0,0,4,3,4,0,0,1,1
tile_1203.jpg,0,35,0,0,0,3,2,4,0,0,4,0
tile_1243.jpg,0,52,0,0,0,4,0,0,0,0,1,0
tile_1270.jpg,0,9,0,0,0,2,1,1,0,0,3,0
tile_1325.jpg,0,24,0,0,0,3,0,1,0,0,1,0
tile_1336.jpg,0,2,0,0,0,0,0,0,0,0,2,0
tile_137.jpg,0,0,0,0,0,0,0,0,0,0,0,0
tile_1372.jpg,0,8,0,0,0,0,0,0,0,0,0,0
tile_139.jpg,0,0,0,0,0,0,0,0,0,0,0,0
tile_1415.jpg,0,36,0,0,0,4,7,8,0,0,3,0
tile_187.jpg,3,10,5,6,4,2,2,2,2,2,3,4
tile_188.jpg,0,0,0,0,0,0,0,0,0,0,0,0
tile_192.jpg,0,0,0,0,0,0,0,0,0,0,0,0
tile_25.jpg,0,0,0,0,0,0,0,0,0,0,0,0
tile_276.jpg,2,5,4,5,3,3,2,2,2,2,2,2
tile_307.jpg,0,0,0,0,0,0,0,0,0,0,0,0
tile_313.jpg,1,0,1,0,0,0,0,0,1,1,1,1
tile_324.jpg,5,14,8,7,6,5,5,5,5,5,5,5
tile_338.jpg,5,17,14,7,7,8,5,7,6,6,6,6
tile_344.jpg,1,2,3,5,2,2,2,2,2,1,2,2
tile_39.jpg,0,0,0,0,0,0,0,0,0,0,0,0
tile_427.jpg,11,22,21,14,9,11,12,8,10,10,10,16
tile_442.jpg,4,19,11,10,10,5,5,4,4,4,4,6
tile_49.jpg,0,0,0,0,0,0,0,0,0,0,0,0
tile_505.jpg,5,13,13,7,9,5,6,8,6,6,5,7
tile_519.jpg,26,78,82,40,43,31,27,27,27,26,32,33
tile_522.jpg,25,70,60,33,38,34,31,30,33,27,35,27
tile_532.jpg,17,43,32,25,20,28,20,19,19,16,21,23
tile_548.jpg,9,38,16,17,11,15,10,12,10,11,11,13
tile_570.jpg,24,79,68,35,33,30,30,28,35,28,33,35
tile_585.jpg,17,57,40,37,21,21,16,17,17,17,18,20
tile_591.jpg,16,72,39,30,29,28,17,26,26,18,20,22
tile_615.jpg,20,55,71,35,26,27,24,26,26,22,30,26
tile_667.jpg,29,84,72,43,42,39,30,37,38,29,40,40
tile_684.jpg,29,100,61,41,38,33,30,29,28,25,38,36
tile_688.jpg,20,70,52,36,26,20,21,23,18,19,23,25
tile_690.jpg,30,92,100,51,39,38,31,38,28,32,42,40
tile_702.jpg,26,73,52,47,30,28,22,28,29,26,30,28
tile_712.jpg,36,67,78,49,43,44,41,39,42,38,54,47
tile_718.jpg,36,88,96,53,52,53,41,54,50,34,58,47
tile_764.jpg,28,75,74,37,39,39,36,37,39,26,51,42
tile_797.jpg,20,50,41,27,24,29,22,18,20,21,22,24
tile_812.jpg,26,57,71,37,28,31,26,28,30,26,36,30
tile_850.jpg,12,32,20,17,13,13,11,10,10,13,13,17
tile_852.jpg,16,42,40,25,17,23,18,13,24,17,22,23
tile_897.jpg,11,26,34,15,9,15,10,11,10,9,12,12
tile_936.jpg,7,21,18,7,7,6,7,7,8,8,9,9
tile_971.jpg,8,47,18,11,9,9,5,9,8,5,6,11
tile_1028.jpg,0,20,0,0,0,3,3,4,0,0,1,0
tile_1032.jpg,0,17,0,0,0,5,1,3,0,1,0,0
tile_1071.jpg,0,24,0,0,0,4,3,3,0,0,2,0
tile_1128.jpg,0,25,0,0,0,4,2,4,0,0,1,0
tile_1141.jpg,0,21,0,0,0,4,2,3,0,0,1,0
tile_115.jpg,0,0,0,0,0,0,0,0,0,0,0,0
tile_1152.jpg,0,33,0,0,0,4,2,3,0,0,1,2
tile_1160.jpg,0,26,0,0,0,5,4,3,0,0,0,3
tile_1164.jpg,0,42,0,0,0,4,3,3,0,0,2,0
tile_1189.jpg,0,23,0,0,0,4,4,3,0,0,0,2
tile_1190.jpg,0,36,0,0,0,4,3,4,0,0,1,1
tile_1284.jpg,0,9,0,0,0,3,0,2,0,0,1,0
tile_1287.jpg,0,17,0,0,0,3,0,3,0,0,2,0
tile_1334.jpg,0,0,0,0,0,0,1,0,0,0,1,0
tile_1345.jpg,0,1,0,0,0,0,0,0,0,0,2,0
tile_1357.jpg,0,2,0,0,0,2,2,0,0,0,2,0
tile_1363.jpg,0,3,0,0,0,1,0,0,0,0,0,0
tile_1374.jpg,0,6,0,0,0,0,0,0,0,0,2,0
tile_1378.jpg,0,4,0,0,0,0,0,0,0,0,0,0
tile_138.jpg,0,0,0,0,0,0,0,0,0,0,0,0
tile_1399.jpg,0,4,0,0,0,0,0,3,0,0,4,0
tile_1405.jpg,0,13,0,0,0,0,2,7,0,1,2,0
tile_147.jpg,0,0,0,0,0,0,0,0,0,0,0,0
tile_179.jpg,0,0,0,0,0,0,0,0,0,0,0,0
tile_254.jpg,0,0,0,0,0,0,0,0,0,0,0,0
tile_297.jpg,1,6,8,6,2,1,3,4,1,2,2,3
tile_304.jpg,0,0,0,0,0,0,0,0,0,0,0,0
tile_332.jpg,2,8,6,7,4,3,3,2,2,2,2,2
tile_350.jpg,2,3,5,3,4,3,2,2,2,2,2,3
tile_351.jpg,0,0,0,0,0,0,0,0,0,0,0,0
tile_425.jpg,15,40,33,23,16,14,13,13,13,12,14,14
tile_448.jpg,3,12,9,8,4,3,3,3,2,2,2,4
tile_494.jpg,6,23,13,7,6,10,5,9,5,7,5,9
tile_520.jpg,19,57,50,30,25,22,20,20,22,18,28,28
tile_564.jpg,29,88,89,55,38,39,35,34,35,32,46,41
tile_568.jpg,28,86,71,42,38,35,26,28,32,28,34,36
tile_623.jpg,34,100,60,40,49,44,43,59,56,34,50,61
tile_659.jpg,31,87,92,39,45,39,29,34,32,33,36,36
tile_669.jpg,38,85,89,55,35,48,39,41,47,34,63,50
tile_679.jpg,33,94,49,40,36,50,32,34,37,29,43,36
tile_729.jpg,32,96,84,46,39,34,31,34,36,31,39,42
tile_73.jpg,0,0,0,0,0,0,0,0,0,0,0,0
tile_737.jpg,30,100,100,52,39,44,42,39,36,31,41,38
tile_853.jpg,16,56,51,25,18,19,17,15,15,15,20,21
tile_876.jpg,8,17,19,11,8,9,9,9,8,8,9,10
tile_901.jpg,17,48,43,28,26,22,21,21,20,17,22,24
tile_939.jpg,6,10,14,7,5,6,5,5,5,5,5,6
tile_944.jpg,12,27,40,20,13,14,11,12,13,12,12,13
tile_977.jpg,6,32,18,7,7,13,9,9,7,10,7,9
tile_984.jpg,7,24,10,6,4,4,8,5,5,7,5,5
tile_1081.jpg,0,28,0,0,0,3,2,5,0,0,2,0
tile_1088.jpg,0,11,0,0,0,4,1,3,0,1,2,0
tile_1117.jpg,0,40,0,0,0,4,2,6,0,1,1,3
tile_1120.jpg,0,45,0,0,0,5,2,5,0,0,1,3
tile_1174.jpg,0,29,0,0,0,6,2,5,0,0,0,0
tile_1183.jpg,0,14,0,0,0,1,2,3,0,0,1,1
tile_1194.jpg,0,31,0,0,0,5,1,4,0,0,2,2
tile_1204.jpg,0,17,0,0,0,5,1,5,0,0,2,0
tile_1218.jpg,0,18,0,0,0,4,1,3,0,0,0,0
tile_1255.jpg,0,21,0,0,0,3,0,2,0,0,2,0
tile_1288.jpg,0,3,0,0,0,0,0,0,0,0,1,0
tile_1290.jpg,0,4,0,0,0,0,0,1,0,0,1,0
tile_1370.jpg,0,14,0,0,0,0,0,0,0,0,1,0
tile_1373.jpg,0,14,0,0,0,0,0,0,0,0,2,0
tile_1395.jpg,0,15,0,0,0,0,1,4,0,0,2,0
tile_1425.jpg,0,26,0,0,0,2,1,4,0,0,2,0
tile_155.jpg,0,0,0,0,0,0,0,0,0,0,0,0
tile_169.jpg,0,0,0,0,0,0,0,0,0,0,0,0
tile_193.jpg,0,0,0,0,0,0,0,0,0,0,0,0
tile_207.jpg,0,0,0,0,0,0,0,0,0,0,0,0
tile_221.jpg,0,0,0,0,0,0,0,0,0,0,0,0
tile_235.jpg,2,7,3,5,3,2,2,3,3,3,2,3
tile_268.jpg,0,0,0,0,0,0,0,0,0,0,0,0
tile_281.jpg,1,1,1,0,0,1,0,1,1,0,1,1
tile_285.jpg,3,14,3,5,3,3,3,2,3,2,2,3
tile_321.jpg,0,0,0,0,0,0,0,0,0,0,0,0
tile_328.jpg,8,22,22,13,8,8,9,8,8,7,8,9
tile_385.jpg,4,7,5,5,4,6,4,5,4,4,4,6
tile_452.jpg,1,7,0,2,1,2,1,1,1,0,2,2
tile_458.jpg,2,10,5,4,3,2,2,2,2,2,2,2
tile_484.jpg,9,29,18,10,8,9,7,6,8,8,9,11
tile_503.jpg,3,12,4,2,4,0,2,1,3,1,3,3
tile_572.jpg,18,49,47,20,23,26,28,18,28,18,25,25
tile_583.jpg,19,59,53,33,30,26,22,28,25,22,27,26
tile_599.jpg,40,100,100,75,50,52,41,51,45,44,56,53
tile_630.jpg,26,70,66,44,36,34,23,25,27,24,32,27
tile_641.jpg,24,100,47,33,25,24,20,21,16,16,23,26
tile_67.jpg,0,0,0,0,0,0,0,0,0,0,0,0
tile_671.jpg,45,96,100,51,55,62,39,43,52,35,61,50
tile_727.jpg,37,100,86,54,51,52,43,57,47,37,50,47
tile_741.jpg,37,95,100,66,41,44,40,40,37,30,46,37
tile_742.jpg,22,64,43,36,30,28,27,25,24,23,26,25
tile_807.jpg,19,38,45,26,22,21,24,20,23,19,24,24
tile_81.jpg,0,0,0,0,0,0,0,0,0,0,0,0
tile_840.jpg,14,47,45,31,27,23,15,21,15,16,17,21
tile_885.jpg,7,20,8,9,6,9,12,10,11,8,8,11
tile_918.jpg,18,53,41,27,23,19,19,19,22,20,21,21
tile_929.jpg,11,33,33,20,13,14,12,11,13,11,12,12
tile_934.jpg,4,7,10,5,4,6,5,3,4,4,4,5
tile_992.jpg,7,26,22,18,8,7,7,8,8,8,7,11
tile_1013.jpg,0,22,0,0,0,4,3,4,0,0,2,1
tile_1025.jpg,0,24,0,0,0,4,2,3,0,0,1,1
tile_1026.jpg,0,24,0,0,0,4,2,4,0,0,2,1
tile_1064.jpg,0,39,0,0,1,4,5,5,0,0,3,2
tile_1095.jpg,0,12,0,0,0,2,2,4,0,0,1,2
tile_1099.jpg,0,13,0,0,0,3,2,5,0,0,0,0
tile_11.jpg,0,0,0,0,0,0,0,0,0,0,0,0
tile_1105.jpg,0,30,0,0,0,5,4,4,0,0,2,3
tile_1158.jpg,0,37,0,0,0,5,2,3,0,0,2,0
tile_1221.jpg,0,19,0,0,0,5,1,1,0,0,0,0
tile_1224.jpg,0,20,0,0,0,2,1,1,0,0,1,0
tile_124.jpg,0,0,0,0,0,0,0,0,0,0,0,0
tile_1244.jpg,0,29,0,0,0,3,0,1,0,0,1,0
tile_1332.jpg,0,13,0,0,0,2,0,0,0,0,2,0
tile_134.jpg,0,0,0,0,0,0,0,0,0,0,0,0
tile_1418.jpg,0,27,0,0,0,3,1,6,0,0,3,0
tile_20.jpg,0,0,0,0,0,0,0,0,0,0,0,0
tile_217.jpg,2,4,4,3,2,2,1,2,2,1,2,2
tile_225.jpg,0,0,0,0,0,0,0,0,0,0,0,0
tile_255.jpg,0,0,0,0,0,0,0,0,0,0,0,0
tile_279.jpg,2,4,5,3,3,3,2,2,2,2,2,2
tile_306.jpg,1,4,3,2,1,3,1,1,1,1,1,2
tile_335.jpg,6,9,11,12,4,4,6,6,5,5,6,5
tile_369.jpg,10,22,25,12,9,10,13,11,10,10,12,11
tile_374.jpg,9,31,31,13,9,10,12,9,11,11,12,14
tile_386.jpg,3,16,7,5,5,3,3,3,3,3,3,3
tile_399.jpg,3,10,7,4,3,6,3,3,3,3,4,4
tile_412.jpg,0,0,0,0,0,0,0,0,0,0,0,0
tile_416.jpg,21,49,57,25,19,19,19,26,25,19,23,25
tile_423.jpg,23,99,57,32,28,29,26,26,27,22,30,29
tile_440.jpg,1,3,3,3,3,2,1,1,1,1,1,1
tile_5.jpg,0,0,0,0,0,0,0,0,0,0,0,0
tile_514.jpg,24,62,77,36,31,28,27,24,37,28,37,41
tile_566.jpg,22,50,37,24,18,23,21,22,21,20,29,25
tile_57.jpg,0,0,0,0,0,0,0,0,0,0,0,0
tile_574.jpg,20,41,50,31,24,21,20,20,23,19,30,22
tile_638.jpg,18,69,44,27,21,25,20,18,18,19,20,25
tile_643.jpg,22,95,55,49,28,30,18,29,24,21,27,28
tile_665.jpg,40,68,96,47,42,46,38,48,42,30,53,47
tile_686.jpg,22,98,35,36,29,29,31,30,28,26,27,30
tile_706.jpg,28,89,88,36,45,47,36,56,47,29,44,42
tile_713.jpg,34,79,80,39,42,43,34,59,47,36,57,42
tile_779.jpg,38,100,81,59,50,42,32,45,33,33,53,54
tile_80.jpg,0,0,0,0,0,0,0,0,0,0,0,0
tile_833.jpg,8,19,20,11,9,12,8,7,7,7,8,9
tile_839.jpg,10,25,25,12,13,10,10,10,11,9,11,12
tile_858.jpg,14,36,34,25,13,17,12,16,17,15,20,21
tile_879.jpg,16,58,46,22,19,21,23,17,16,15,19,21
tile_920.jpg,10,29,36,14,7,12,12,7,10,10,9,14
tile_967.jpg,4,24,14,9,8,9,5,8,6,5,6,5
tile_0.jpg,0,0,0,0,0,0,0,0,0,0,0,0
tile_1029.jpg,0,20,0,0,0,3,3,1,0,0,2,0
tile_1078.jpg,0,38,0,0,0,6,4,3,0,0,1,1
tile_110.jpg,0,0,0,0,0,0,0,0,0,0,0,0
tile_112.jpg,0,0,0,0,0,0,0,0,0,0,0,0
tile_1149.jpg,0,23,0,0,0,4,4,3,0,0,1,1
tile_1151.jpg,0,26,0,0,0,3,4,2,0,0,2,0
tile_1175.jpg,0,19,0,0,0,5,2,2,0,0,2,0
tile_1176.jpg,0,22,0,0,0,3,4,2,0,0,0,1
tile_1193.jpg,0,32,0,0,0,3,3,4,0,0,1,2
tile_1195.jpg,0,32,0,0,0,3,4,3,0,0,1,1
tile_1225.jpg,0,15,0,0,0,5,1,2,0,0,1,0
tile_1236.jpg,0,30,0,0,0,3,2,4,0,0,1,1
tile_1283.jpg,0,24,0,0,0,4,0,1,0,0,4,0
tile_1308.jpg,0,10,2,0,0,0,0,0,0,0,0,0
tile_1331.jpg,0,13,0,0,0,1,0,0,0,0,2,0
tile_1364.jpg,0,6,0,0,0,1,1,1,0,0,1,0
tile_1422.jpg,0,28,0,0,0,4,6,6,0,0,2,0
tile_2.jpg,0,0,0,0,0,0,0,0,0,0,0,0
tile_204.jpg,0,0,0,0,0,0,0,0,0,0,0,0
tile_208.jpg,0,0,0,0,0,0,0,0,0,0,0,0
tile_248.jpg,1,1,2,0,1,1,1,1,1,1,1,2
tile_266.jpg,0,0,0,0,0,0,0,0,0,0,0,0
tile_316.jpg,1,7,1,3,2,1,1,2,1,2,1,2
tile_388.jpg,6,26,19,11,7,9,8,11,8,7,14,9
tile_397.jpg,2,11,6,4,2,4,4,2,2,2,2,3
tile_437.jpg,3,8,8,2,3,3,2,2,3,3,3,4
tile_443.jpg,3,7,4,5,3,4,3,3,3,3,3,3
tile_446.jpg,5,19,16,8,8,6,8,7,5,5,8,12
tile_453.jpg,3,21,8,3,4,4,3,3,2,3,3,7
tile_463.jpg,49,100,100,72,49,57,52,58,52,39,52,49
tile_470.jpg,21,77,66,44,25,27,23,21,21,21,30,25
tile_478.jpg,13,40,34,19,17,17,12,13,13,13,20,15
tile_513.jpg,38,86,90,64,49,41,32,30,38,32,45,40
tile_598.jpg,26,84,95,38,32,32,28,28,31,24,35,34
tile_650.jpg,32,79,84,48,41,46,30,39,34,30,43,51
tile_707.jpg,26,53,52,24,30,29,26,35,29,24,30,40
tile_714.jpg,30,75,71,38,31,37,29,30,36,28,38,43
tile_72.jpg,0,0,0,0,0,0,0,0,0,0,0,0
tile_761.jpg,29,61,87,47,34,48,34,48,38,30,52,48
tile_792.jpg,26,72,79,41,30,28,24,25,29,25,32,30
tile_806.jpg,22,63,68,34,26,29,24,31,25,23,30,27
tile_809.jpg,27,61,55,29,29,29,29,27,31,25,30,34
tile_835.jpg,15,57,65,25,19,20,18,17,17,21,16,23
tile_856.jpg,19,44,34,19,19,21,18,17,22,20,24,27
tile_886.jpg,8,26,16,14,8,10,8,11,9,8,11,10
tile_887.jpg,7,14,32,7,6,8,7,7,8,7,7,9
tile_923.jpg,6,13,23,8,5,5,5,5,5,5,7,6
tile_991.jpg,5,21,11,8,8,7,7,7,9,9,9,11
tile_994.jpg,4,47,23,11,14,4,9,13,12,10,7,9
tile_105.jpg,0,0,0,0,0,0,0,0,0,0,0,0
tile_1052.jpg,0,27,0,0,0,3,2,5,0,0,2,0
tile_1167.jpg,0,40,0,0,0,4,3,2,0,0,1,2
tile_1185.jpg,0,21,0,0,0,1,2,4,0,0,0,1
tile_1214.jpg,0,37,0,0,0,7,0,4,0,0,3,1
tile_1228.jpg,0,25,0,0,0,4,3,3,0,0,0,0
tile_1246.jpg,0,17,0,0,0,5,0,2,0,0,2,0
tile_1248.jpg,0,12,0,0,0,4,1,4,0,0,1,0
tile_126.jpg,0,0,0,0,0,0,0,0,0,0,0,0
tile_1260.jpg,0,33,0,0,0,4,2,2,0,0,2,0
tile_1279.jpg,0,11,0,0,0,3,0,2,0,0,1,0
tile_1356.jpg,0,3,0,0,0,1,1,1,0,0,1,0
tile_1360.jpg,0,11,0,0,0,1,1,3,0,0,2,0
tile_1375.jpg,0,1,0,0,0,1,0,0,0,0,0,0
tile_142.jpg,0,0,0,0,0,0,0,0,0,0,0,0
tile_251.jpg,1,1,1,1,1,2,1,0,0,1,0,1
tile_261.jpg,0,0,0,0,0,0,0,0,0,0,0,0
tile_262.jpg,0,0,0,0,0,0,0,0,0,0,0,0
tile_282.jpg,5,12,4,6,3,4,4,4,6,4,4,4
tile_292.jpg,0,0,0,0,0,0,0,0,0,0,0,0
tile_293.jpg,0,0,0,0,0,0,0,0,0,0,0,0
tile_322.jpg,4,11,8,3,3,3,5,3,4,4,4,4
tile_329.jpg,9,27,19,11,8,8,7,9,6,8,9,11
tile_349.jpg,0,0,0,0,0,0,0,0,0,0,0,0
tile_372.jpg,16,47,57,35,22,20,17,20,18,16,20,18
tile_406.jpg,3,13,3,2,3,2,3,3,2,2,4,3
tile_456.jpg,3,12,5,5,4,3,4,4,3,4,3,4
tile_459.jpg,0,0,0,0,0,0,0,0,0,0,0,0
tile_51.jpg,0,0,0,0,0,0,0,0,0,0,0,0
tile_545.jpg,9,27,21,15,11,13,8,9,10,10,10,14
tile_546.jpg,6,25,16,12,7,12,8,8,7,7,7,9
tile_575.jpg,32,98,94,42,50,44,36,48,46,32,57,40
tile_633.jpg,25,94,66,33,39,37,29,31,28,26,42,32
tile_675.jpg,30,78,56,38,33,41,26,30,41,29,53,35
tile_676.jpg,30,99,100,46,45,57,34,38,40,30,46,48
tile_700.jpg,34,62,61,42,36,39,33,42,36,26,43,44
tile_747.jpg,27,63,100,39,36,31,28,28,33,25,39,35
tile_755.jpg,26,67,62,34,34,36,24,28,32,25,40,35
tile_759.jpg,20,31,55,31,24,26,24,21,21,23,27,24
tile_765.jpg,28,84,55,35,38,40,34,30,37,32,42,42
tile_766.jpg,38,72,86,39,36,42,34,37,38,33,47,41
tile_773.jpg,41,100,95,49,52,60,40,42,39,33,64,53
tile_784.jpg,22,66,72,48,30,27,26,21,29,27,33,28
tile_798.jpg,14,40,51,28,19,17,18,19,17,19,20,22
tile_866.jpg,32,77,50,40,37,27,28,28,27,26,28,35
tile_880.jpg,10,24,26,20,9,11,9,10,13,11,9,13
tile_882.jpg,10,44,31,21,12,13,13,10,12,10,12,11
tile_892.jpg,10,33,33,17,12,11,10,9,9,10,10,10
tile_954.jpg,13,49,31,28,17,14,14,13,13,13,13,15
tile_985.jpg,2,9,7,5,4,3,3,3,3,4,4,5
tile_1062.jpg,0,34,0,0,0,4,2,6,0,0,1,2
tile_108.jpg,0,0,0,0,0,0,0,0,0,0,0,0
tile_1092.jpg,0,12,0,0,0,4,1,5,0,1,2,0
tile_1100.jpg,0,10,0,0,0,4,3,2,0,0,0,0
tile_118.jpg,0,0,0,0,0,0,0,0,0,0,0,0
tile_1262.jpg,0,21,0,0,0,3,0,3,0,0,1,0
tile_1282.jpg,0,13,0,0,0,4,0,0,0,0,1,0
tile_1330.jpg,0,15,0,0,0,2,0,0,0,0,2,0
tile_1355.jpg,0,1,0,0,0,1,1,0,0,0,2,0
tile_1380.jpg,0,11,0,0,0,0,0,1,0,0,2,0
tile_151.jpg,0,0,0,0,0,0,0,0,0,0,0,0
tile_224.jpg,0,0,0,0,0,0,0,0,0,0,0,0
tile_228.jpg,0,0,0,0,0,0,0,0,0,0,0,0
tile_274.jpg,0,0,0,0,0,0,0,0,0,0,0,0
tile_296.jpg,0,0,2,0,0,0,0,0,0,0,0,0
tile_299.jpg,0,0,0,0,0,0,0,0,0,0,0,0
tile_408.jpg,2,7,0,2,0,2,2,2,2,1,2,2
tile_450.jpg,2,9,5,3,2,3,2,2,2,2,2,2
tile_533.jpg,11,30,29,13,12,9,8,10,11,10,15,12
tile_536.jpg,14,40,27,12,16,15,13,14,15,13,21,16
tile_552.jpg,29,83,100,55,37,33,30,32,34,27,41,35
tile_620.jpg,23,74,60,35,32,36,27,24,33,24,42,30
tile_647.jpg,55,100,100,89,66,65,51,72,55,40,57,63
tile_788.jpg,22,57,50,30,21,20,23,20,18,17,21,19
tile_908.jpg,16,36,17,13,9,11,7,9,14,14,15,17
tile_969.jpg,6,36,16,16,6,15,7,9,8,10,6,7
tile_1004.jpg,7,81,18,23,15,14,12,22,16,13,14,15
tile_1020.jpg,0,19,0,0,0,2,2,4,0,0,1,0
tile_1030.jpg,1,29,0,0,0,3,1,2,0,0,1,0
tile_104.jpg,0,0,0,0,0,0,0,0,0,0,0,0
tile_107.jpg,0,0,0,0,0,0,0,0,0,0,0,0
tile_1075.jpg,0,42,0,0,0,3,4,4,0,0,0,1
tile_1090.jpg,0,12,0,0,0,2,0,5,0,0,1,0
tile_1136.jpg,0,22,0,0,0,4,3,5,0,0,0,1
tile_1139.jpg,0,24,0,0,0,2,1,4,0,0,1,1
tile_1140.jpg,0,21,0,0,0,3,2,3,0,0,0,0
tile_1145.jpg,0,31,0,0,0,4,2,3,0,1,1,2
tile_1187.jpg,0,24,0,0,0,2,3,2,0,1,1,1
tile_1196.jpg,0,8,0,0,0,5,1,0,0,0,1,0
tile_1198.jpg,0,38,0,0,0,5,3,3,0,0,3,0
tile_1219.jpg,0,20,0,0,0,4,2,3,0,0,1,0
tile_1229.jpg,0,13,0,0,0,6,0,2,0,0,0,0
tile_123.jpg,0,0,0,0,0,0,0,0,0,0,0,0
tile_1264.jpg,0,16,0,0,0,2,0,2,0,0,2,0
tile_1269.jpg,0,23,0,0,0,4,1,0,0,0,2,0
tile_1321.jpg,0,31,0,0,0,4,1,2,0,0,3,0
tile_1351.jpg,0,3,0,0,0,1,1,4,0,0,1,0
tile_1366.jpg,0,8,0,0,0,0,0,0,0,0,0,0
tile_1377.jpg,0,9,0,0,0,0,0,0,0,0,1,0
tile_1403.jpg,0,25,0,0,0,0,3,6,0,0,3,0
tile_141.jpg,0,0,0,0,0,0,0,0,0,0,0,0
tile_1420.jpg,0,30,0,0,0,2,5,4,0,0,3,0
tile_167.jpg,0,0,0,0,0,0,0,0,0,0,0,0
tile_22.jpg,0,0,0,0,0,0,0,0,0,0,0,0
tile_239.jpg,0,0,0,0,0,0,0,0,0,0,0,0
tile_278.jpg,3,5,8,4,2,6,3,3,2,3,2,3
tile_310.jpg,1,7,5,4,3,3,1,1,1,1,1,2
tile_34.jpg,0,0,0,0,0,0,0,0,0,0,0,0
tile_38.jpg,0,0,0,0,0,0,0,0,0,0,0,0
tile_381.jpg,7,18,16,10,6,11,6,8,8,5,8,9
tile_496.jpg,5,14,10,9,7,8,5,5,5,5,5,6
tile_52.jpg,0,0,0,0,0,0,0,0,0,0,0,0
tile_558.jpg,46,100,100,64,42,49,41,37,54,35,49,48
tile_569.jpg,25,70,94,43,37,28,29,31,25,25,40,37
tile_588.jpg,17,47,33,34,29,23,21,20,19,20,21,20
tile_613.jpg,31,74,77,48,41,34,28,28,28,28,40,36
tile_668.jpg,42,100,73,46,65,59,45,41,47,38,65,54
tile_693.jpg,36,79,99,61,40,48,42,45,44,36,43,43
tile_694.jpg,38,100,100,59,48,56,45,46,42,32,45,47
tile_705.jpg,35,69,71,40,30,44,33,33,38,33,38,42
tile_769.jpg,41,100,100,49,52,53,39,44,52,39,55,49
tile_805.jpg,21,57,54,29,27,26,23,23,24,21,26,23
tile_88.jpg,0,0,0,0,0,0,0,0,0,0,0,0
tile_932.jpg,6,18,17,7,6,6,6,6,6,6,6,8
tile_981.jpg,5,34,17,6,4,6,7,7,8,8,7,7
tile_990.jpg,2,16,6,7,3,4,1,6,2,2,3,3
tile_10.jpg,0,0,0,0,0,0,0,0,0,0,0,0
tile_1077.jpg,0,24,0,0,0,4,3,3,0,0,0,1
tile_1109.jpg,0,46,0,0,0,3,3,3,0,1,0,2
tile_1127.jpg,0,15,0,0,0,3,1,3,0,0,1,0
tile_1179.jpg,0,21,0,0,0,4,3,2,0,0,1,1
tile_1181.jpg,0,27,0,0,0,4,3,3,0,0,1,0
tile_1186.jpg,0,36,0,0,0,4,2,2,0,0,0,3
tile_1252.jpg,0,14,0,0,0,2,0,2,0,0,3,0
tile_1265.jpg,0,24,0,0,0,2,0,0,0,0,3,0
tile_1326.jpg,0,32,0,0,0,3,0,2,0,0,2,0
tile_136.jpg,0,0,0,0,0,0,0,0,0,0,0,0
tile_1401.jpg,0,9,0,0,0,0,2,7,0,0,1,0
tile_1402.jpg,0,13,0,0,0,0,1,4,0,0,3,0
tile_1407.jpg,0,15,0,0,0,0,1,5,0,0,3,0
tile_143.jpg,1,4,3,3,2,2,1,3,2,1,1,2
tile_15.jpg,0,0,0,0,0,0,0,0,0,0,0,0
tile_152.jpg,0,0,0,0,0,0,0,0,0,0,0,0
tile_172.jpg,0,0,0,0,0,0,0,0,0,0,0,0
tile_205.jpg,0,0,0,0,0,0,0,0,0,0,0,0
tile_212.jpg,0,0,0,0,0,0,0,0,0,0,0,0
tile_230.jpg,0,0,0,0,0,0,0,0,0,0,0,0
tile_271.jpg,0,0,0,0,0,0,0,0,0,0,0,0
tile_295.jpg,0,0,0,0,0,0,0,0,0,0,0,0
tile_353.jpg,0,3,0,1,0,0,1,1,1,1,1,2
tile_415.jpg,24,81,59,37,35,27,26,26,27,26,28,33
tile_439.jpg,5,20,13,15,10,10,5,5,5,5,8,7
tile_491.jpg,9,30,21,19,13,14,9,11,10,8,11,11
tile_531.jpg,12,26,19,16,13,16,13,11,11,10,13,13
tile_551.jpg,5,21,12,10,6,9,5,8,5,5,5,9
tile_567.jpg,32,93,67,45,39,33,29,34,39,24,42,37
tile_581.jpg,15,44,29,19,16,20,20,16,24,18,28,22
tile_590.jpg,18,71,25,28,21,24,17,18,21,19,28,29
tile_625.jpg,32,93,87,43,39,50,37,35,38,36,49,43
tile_673.jpg,36,95,70,34,43,44,32,32,45,33,48,41
tile_68.jpg,0,0,0,0,0,0,0,0,0,0,0,0
tile_689.jpg,24,78,60,48,31,31,25,31,27,20,20,25
tile_720.jpg,35,100,100,60,49,54,40,44,56,34,55,47
tile_728.jpg,35,93,82,50,44,41,36,42,39,33,51,43
tile_801.jpg,10,28,21,11,11,17,11,14,10,13,17,18
tile_830.jpg,13,51,55,23,16,20,14,14,14,12,18,18
tile_834.jpg,16,51,42,21,21,20,22,18,19,16,19,17
tile_849.jpg,14,37,62,19,20,19,18,17,16,17,19,21
tile_855.jpg,18,31,36,26,19,27,18,20,18,19,22,26
tile_870.jpg,42,97,90,58,35,34,26,35,30,27,43,40
tile_9.jpg,0,0,0,0,0,0,0,0,0,0,0,0
tile_915.jpg,13,37,21,16,11,11,13,12,11,11,13,15
tile_921.jpg,9,19,20,9,9,8,8,9,8,8,8,8
tile_953.jpg,13,42,24,23,17,15,11,19,11,13,14,21
tile_968.jpg,8,40,17,10,11,9,9,14,6,10,9,8
tile_997.jpg,12,82,48,28,18,20,13,17,19,14,23,26
tile_1041.jpg,0,14,0,0,0,3,2,2,0,2,2,0
tile_1042.jpg,0,19,0,0,0,2,3,5,0,0,2,1
tile_1076.jpg,0,32,0,0,0,4,3,4,0,0,2,0
tile_1123.jpg,0,43,0,0,0,4,2,5,0,0,2,2
tile_1150.jpg,0,17,0,0,0,4,4,4,0,0,2,0
tile_1156.jpg,0,32,0,0,0,4,4,4,0,1,2,1
tile_1205.jpg,0,11,0,0,0,4,2,0,0,0,0,0
tile_1208.jpg,0,11,0,0,0,6,2,1,0,0,3,0
tile_1211.jpg,0,28,1,0,0,5,1,1,0,0,1,0
tile_1242.jpg,0,10,0,0,0,1,0,0,0,0,2,0
tile_13.jpg,0,0,0,0,0,0,0,0,0,0,0,0
tile_1306.jpg,0,4,0,0,0,0,2,2,0,0,2,0
tile_1314.jpg,0,19,0,0,0,1,0,0,0,0,1,0
tile_1318.jpg,0,22,0,0,0,2,0,1,0,0,2,0
tile_1338.jpg,0,3,0,0,0,0,0,0,0,0,2,0
tile_1368.jpg,0,11,0,0,0,1,1,0,0,0,2,0
tile_1386.jpg,0,8,0,0,0,0,2,5,0,0,1,0
tile_1397.jpg,0,28,0,0,0,0,2,6,0,0,4,0
tile_1408.jpg,0,17,0,0,0,0,2,8,0,0,3,0
tile_175.jpg,0,0,0,0,0,0,0,0,0,0,0,0
tile_223.jpg,0,0,0,0,0,0,0,0,0,0,0,0
tile_23.jpg,0,0,0,0,0,0,0,0,0,0,0,0
tile_273.jpg,0,0,0,0,0,0,0,0,0,0,0,0
tile_284.jpg,5,25,13,10,9,6,7,7,7,6,6,7
tile_30.jpg,0,0,0,0,0,0,0,0,0,0,0,0
tile_305.jpg,1,3,3,1,1,1,1,1,1,1,1,1
tile_326.jpg,7,22,25,11,8,10,7,10,7,7,7,8
tile_341.jpg,1,3,1,2,1,1,1,1,1,1,1,1
tile_352.jpg,0,0,0,0,0,0,0,0,0,0,0,0
tile_354.jpg,1,3,4,1,1,1,1,1,1,1,1,1
tile_364.jpg,0,0,0,0,0,0,0,0,0,0,0,0
tile_405.jpg,1,4,4,2,1,2,1,1,1,1,1,1
tile_42.jpg,0,0,0,0,0,0,0,0,0,0,0,0
tile_43.jpg,0,0,0,0,0,0,0,0,0,0,0,0
tile_460.jpg,18,53,63,29,21,24,20,21,21,17,22,21
tile_492.jpg,4,10,10,7,5,7,6,7,5,5,5,6
tile_547.jpg,9,60,29,19,18,15,13,11,12,12,15,14
tile_586.jpg,12,32,32,22,15,17,13,15,11,14,20,18
tile_645.jpg,35,100,100,67,41,44,36,42,41,29,50,39
tile_69.jpg,0,0,0,0,0,0,0,0,0,0,0,0
tile_704.jpg,31,75,84,42,36,38,34,33,33,28,40,48
tile_757.jpg,26,50,63,27,29,29,27,29,34,26,31,34
tile_821.jpg,37,68,91,46,40,41,38,40,38,30,49,50
tile_87.jpg,0,0,0,0,0,0,0,0,0,0,0,0
tile_872.jpg,41,100,86,49,42,43,36,37,36,39,40,46
tile_943.jpg,8,23,30,11,8,8,8,7,8,8,8,7
tile_949.jpg,7,17,12,7,5,4,7,5,5,9,10,12
tile_961.jpg,20,62,59,26,29,21,18,20,22,16,15,24
tile_97.jpg,0,0,0,0,0,0,0,0,0,0,0,0
tile_996.jpg,11,69,14,23,15,12,8,22,11,11,17,19
tile_1021.jpg,0,22,0,0,0,2,0,4,0,1,0,0
tile_1037.jpg,0,19,0,0,0,3,3,3,1,0,1,0
tile_1049.jpg,0,29,0,0,0,4,3,3,0,0,2,1
tile_1053.jpg,0,31,0,0,1,3,1,3,0,2,0,0
tile_106.jpg,0,0,0,0,0,0,0,0,0,0,0,0
tile_1060.jpg,0,18,0,0,0,3,2,4,0,1,1,0
tile_1110.jpg,0,39,0,0,0,4,2,3,0,0,2,1
tile_1115.jpg,0,24,0,0,0,3,2,4,0,0,0,2
tile_1132.jpg,0,22,0,0,0,3,1,4,0,0,0,1
tile_1135.jpg,0,17,0,0,0,4,2,3,0,0,1,0
tile_1157.jpg,0,37,0,0,0,3,3,2,0,1,1,0
tile_1210.jpg,0,21,0,0,1,3,1,1,0,1,0,0
tile_1220.jpg,0,15,0,0,0,4,0,3,0,0,1,0
tile_1222.jpg,0,6,0,0,0,5,0,1,0,0,1,0
tile_1234.jpg,0,32,0,0,0,4,1,3,0,0,1,1
tile_1285.jpg,0,11,0,0,0,4,0,1,0,0,0,0
tile_1316.jpg,0,18,0,0,0,2,0,0,0,0,1,0
tile_133.jpg,0,0,0,0,0,0,0,0,0,0,0,0
tile_1333.jpg,0,19,0,0,0,1,0,0,0,0,1,0
tile_189.jpg,0,0,0,0,0,0,0,0,0,0,0,0
tile_240.jpg,0,0,0,0,0,0,0,0,0,0,0,0
tile_264.jpg,1,2,2,3,1,2,1,1,1,1,1,1
tile_294.jpg,0,0,0,0,0,0,0,0,0,0,0,0
tile_37.jpg,0,0,0,0,0,0,0,0,0,0,0,0
tile_4.jpg,0,0,0,0,0,0,0,0,0,0,0,0
tile_40.jpg,0,0,0,0,0,0,0,0,0,0,0,0
tile_417.jpg,24,100,90,66,43,38,23,33,28,25,34,33
tile_48.jpg,0,0,0,0,0,0,0,0,0,0,0,0
tile_549.jpg,8,29,27,10,8,11,8,7,9,8,12,9
tile_550.jpg,8,24,20,12,12,10,11,8,8,9,11,12
tile_559.jpg,37,92,86,57,43,46,41,43,43,34,45,44
tile_561.jpg,33,94,96,40,43,43,33,38,36,37,45,42
tile_60.jpg,0,0,0,0,0,0,0,0,0,0,0,0
tile_603.jpg,41,100,100,84,59,70,46,57,54,43,65,62
tile_63.jpg,0,0,0,0,0,0,0,0,0,0,0,0
tile_681.jpg,27,98,73,41,43,41,28,33,42,24,44,38
tile_687.jpg,24,91,42,43,32,31,27,26,24,20,29,30
tile_711.jpg,26,68,80,42,33,38,26,33,30,25,37,31
tile_814.jpg,39,100,100,51,40,61,41,40,44,37,58,55
tile_820.jpg,37,100,100,59,42,61,40,55,44,35,67,51
tile_895.jpg,8,28,38,11,11,9,10,8,8,8,9,9
tile_896.jpg,10,26,27,14,13,15,14,14,18,12,19,15
tile_899.jpg,14,53,31,26,15,17,14,16,14,14,20,17
tile_902.jpg,13,30,26,12,11,11,10,11,12,12,11,14
tile_931.jpg,10,29,27,14,11,11,10,10,12,9,10,12
tile_947.jpg,5,21,16,9,5,5,7,5,6,7,8,8
tile_958.jpg,20,84,35,26,23,21,17,26,18,20,29,31
tile_963.jpg,13,73,25,25,19,16,15,17,10,17,16,21
tile_970.jpg,6,39,13,10,8,13,9,16,9,10,10,8
tile_98.jpg,0,0,0,0,0,0,0,0,0,0,0,0
tile_1012.jpg,0,15,0,0,0,3,3,2,0,0,2,1
tile_1014.jpg,0,32,0,0,0,4,3,5,0,0,1,1
tile_1022.jpg,0,26,0,0,0,1,1,2,0,1,2,0
tile_1033.jpg,0,26,1,0,0,7,2,3,1,0,1,1
tile_1086.jpg,0,15,0,0,0,2,2,5,0,0,0,0
tile_109.jpg,0,0,0,0,0,0,0,0,0,0,0,0
tile_1122.jpg,0,43,0,0,0,4,2,4,0,0,1,0
tile_1148.jpg,0,12,0,0,0,4,2,3,0,0,2,0
tile_116.jpg,0,0,0,0,0,0,0,0,0,0,0,0
tile_1170.jpg,0,10,0,0,0,4,0,3,0,0,1,0
tile_1192.jpg,0,24,0,0,0,3,3,4,0,0,2,2
tile_1227.jpg,0,22,0,0,0,3,0,2,0,0,1,1
tile_1240.jpg,0,23,0,0,0,3,2,4,0,0,1,1
tile_1245.jpg,0,8,0,0,0,2,0,1,0,0,2,0
tile_1253.jpg,0,22,0,0,0,3,0,1,0,0,1,0
tile_1272.jpg,0,22,0,0,0,3,0,2,0,0,2,0
tile_1289.jpg,0,9,0,0,0,0,0,1,0,0,0,0
tile_130.jpg,0,0,0,0,0,0,0,0,0,0,0,0
tile_1300.jpg,0,6,0,0,0,1,1,0,0,0,3,0
tile_1328.jpg,0,16,0,0,0,2,0,0,0,0,2,0
tile_1329.jpg,0,30,0,0,0,2,0,0,0,0,1,0
tile_1343.jpg,0,0,0,0,0,0,0,0,0,0,1,0
tile_1354.jpg,0,5,0,0,0,0,0,0,0,0,2,0
tile_170.jpg,0,0,0,0,0,0,0,0,0,0,0,0
tile_18.jpg,0,0,0,0,0,0,0,0,0,0,0,0
tile_181.jpg,0,0,0,0,0,0,0,0,0,0,0,0
tile_19.jpg,0,0,0,0,0,0,0,0,0,0,0,0
tile_280.jpg,0,0,0,0,0,0,0,0,0,0,0,0
tile_289.jpg,0,0,0,0,0,0,0,0,0,0,0,0
tile_291.jpg,1,2,4,1,1,1,1,1,1,1,1,1
tile_302.jpg,4,15,2,5,4,4,5,5,5,4,4,6
tile_314.jpg,0,0,0,0,0,0,0,0,0,0,0,0
tile_342.jpg,4,10,10,7,4,5,4,4,4,4,5,4
tile_357.jpg,3,6,7,4,3,3,4,3,4,3,4,5
tile_382.jpg,3,5,12,4,3,3,2,3,3,3,3,3
tile_485.jpg,8,35,16,22,8,12,13,9,10,10,12,12
tile_509.jpg,56,100,100,100,74,68,46,66,49,40,70,50
tile_607.jpg,32,74,72,46,41,34,36,33,38,29,43,35
tile_617.jpg,35,94,100,50,58,58,42,47,51,37,58,45
tile_637.jpg,28,96,72,39,43,34,36,32,32,28,46,36
tile_65.jpg,0,0,0,0,0,0,0,0,0,0,0,0
tile_709.jpg,26,68,82,44,29,43,33,31,28,28,36,33
tile_754.jpg,23,42,64,35,31,28,25,24,28,23,32,36
tile_78.jpg,0,0,0,0,0,0,0,0,0,0,0,0
tile_783.jpg,22,75,59,31,25,29,20,23,22,20,27,26
tile_845.jpg,7,25,19,11,7,12,11,9,9,6,10,9
tile_854.jpg,17,48,62,22,21,26,21,17,26,19,25,29
tile_914.jpg,17,56,32,26,18,21,26,17,14,14,17,19
tile_940.jpg,5,12,13,7,7,5,5,5,5,4,5,6
tile_987.jpg,6,32,24,7,7,11,7,9,12,6,8,11
tile_1080.jpg,0,30,0,0,0,4,3,4,0,0,2,1
tile_1103.jpg,0,20,0,0,0,7,3,4,0,1,1,1
tile_1114.jpg,0,40,0,0,0,6,3,4,0,0,2,1
tile_117.jpg,0,0,0,0,0,0,0,0,0,0,0,0
tile_1206.jpg,0,1,0,0,0,3,3,0,0,0,1,0
tile_1249.jpg,0,28,0,0,0,3,2,4,0,0,2,0
tile_1281.jpg,0,23,0,0,0,4,1,1,0,0,1,0
tile_1297.jpg,0,5,0,0,0,1,1,0,0,0,1,0
tile_1312.jpg,0,10,0,0,0,1,0,0,0,0,1,0
tile_1342.jpg,0,3,0,0,0,1,1,1,0,0,2,0
tile_1350.jpg,0,6,0,0,0,1,1,2,0,0,2,0
tile_1387.jpg,0,15,0,0,0,0,5,8,0,0,4,0
tile_156.jpg,0,0,0,0,0,0,0,0,0,0,0,0
tile_164.jpg,0,0,0,0,0,0,0,0,0,0,0,0
tile_183.jpg,0,0,0,0,0,0,0,0,0,0,0,0
tile_218.jpg,1,3,2,1,1,2,1,1,1,1,1,2
tile_229.jpg,0,0,0,0,0,0,0,0,0,0,0,0
tile_233.jpg,2,6,9,4,4,3,2,4,2,3,3,3
tile_320.jpg,0,0,0,0,0,0,0,0,0,0,0,0
tile_340.jpg,0,0,0,0,0,0,0,0,0,0,0,0
tile_371.jpg,18,50,61,31,20,25,18,20,21,18,25,26
tile_376.jpg,18,45,51,26,22,18,18,20,17,17,20,19
tile_379.jpg,16,61,40,20,15,15,14,14,15,13,23,18
tile_387.jpg,2,2,4,2,2,3,2,2,2,2,2,2
tile_398.jpg,1,4,2,2,1,1,1,1,1,1,1,1
tile_402.jpg,1,7,3,2,1,1,1,1,1,1,1,1
tile_420.jpg,29,96,65,52,31,36,38,35,31,28,39,45
tile_433.jpg,6,28,16,6,14,7,6,6,5,6,9,9
tile_502.jpg,5,23,7,7,7,4,8,7,5,7,9,9
tile_543.jpg,12,47,21,29,25,12,15,15,11,13,15,23
tile_557.jpg,40,100,100,85,54,56,48,43,44,37,62,48
tile_578.jpg,20,60,66,29,24,31,21,24,23,22,28,29
tile_58.jpg,0,0,0,0,0,0,0,0,0,0,0,0
tile_595.jpg,18,69,49,30,22,22,21,23,20,22,24,26
tile_624.jpg,23,59,54,38,38,33,27,27,28,21,39,30
tile_660.jpg,35,89,96,34,41,43,35,45,36,29,54,39
tile_725.jpg,28,86,67,32,31,39,23,29,34,30,44,38
tile_753.jpg,27,62,61,32,29,34,29,25,29,23,32,28
tile_758.jpg,30,54,62,33,34,33,31,26,40,24,36,37
tile_774.jpg,37,100,73,38,42,39,29,53,41,31,44,40
tile_819.jpg,36,94,100,54,40,53,37,41,42,34,51,53
tile_824.jpg,43,100,95,57,49,48,36,44,44,37,51,46
tile_844.jpg,10,24,26,13,11,12,10,11,10,10,11,10
tile_884.jpg,12,35,25,18,14,11,12,11,12,11,11,16
tile_891.jpg,9,25,24,15,11,9,10,9,10,9,10,10
tile_900.jpg,11,25,25,14,9,15,10,9,10,10,10,10
tile_91.jpg,0,0,0,0,0,0,0,0,0,0,0,0
tile_912.jpg,18,57,29,25,23,20,18,27,19,18,22,26
tile_92.jpg,0,0,0,0,0,0,0,0,0,0,0,0
tile_974.jpg,6,32,10,7,7,6,9,7,6,7,6,8
tile_1015.jpg,0,25,0,0,0,4,3,4,0,0,2,0
tile_1024.jpg,0,32,0,0,0,2,2,4,0,1,1,0
tile_1027.jpg,0,10,0,0,0,3,3,3,0,0,3,0
tile_1058.jpg,0,14,0,0,0,5,3,2,0,2,1,0
tile_1059.jpg,0,28,0,0,0,3,3,3,0,1,1,0
tile_1079.jpg,0,40,0,0,0,4,2,4,0,0,3,1
tile_1091.jpg,0,13,0,0,0,4,0,4,0,0,1,0
tile_1119.jpg,0,37,0,0,0,5,3,3,0,0,1,0
tile_1129.jpg,0,14,0,0,0,3,2,4,0,1,1,0
tile_1153.jpg,0,49,0,0,0,4,3,3,0,0,0,3
tile_1163.jpg,0,23,0,0,0,3,3,4,0,0,0,0
tile_1271.jpg,0,17,0,0,0,3,0,2,0,0,3,0
tile_1294.jpg,0,1,0,0,0,0,1,1,0,0,1,0
tile_1296.jpg,0,5,0,0,0,0,4,3,0,0,1,0
tile_1301.jpg,0,1,0,0,0,0,0,1,0,0,2,0
tile_1322.jpg,0,18,0,0,0,4,0,2,0,0,2,0
tile_1327.jpg,0,16,0,0,0,4,0,0,0,0,1,0
tile_1396.jpg,0,15,0,0,0,0,2,7,0,0,2,0
tile_14.jpg,0,0,0,0,0,0,0,0,0,0,0,0
tile_171.jpg,0,0,0,0,0,0,0,0,0,0,0,0
tile_174.jpg,0,0,0,0,0,0,0,0,0,0,0,0
tile_190.jpg,0,0,0,0,0,0,0,0,0,0,0,0
tile_199.jpg,0,0,0,0,0,0,0,0,0,0,0,0
tile_237.jpg,1,5,2,1,2,1,1,1,1,1,1,1
tile_241.jpg,0,0,0,0,0,0,0,0,0,0,0,0
tile_242.jpg,1,2,2,2,2,1,1,1,1,1,1,2
tile_265.jpg,1,2,3,3,3,2,1,1,1,1,2,2
tile_301.jpg,1,9,2,2,4,3,1,2,1,2,1,1
tile_311.jpg,0,1,1,0,0,0,0,0,0,0,0,0
tile_418.jpg,26,73,93,39,30,33,29,27,27,24,31,31
tile_454.jpg,1,17,3,1,5,2,2,5,3,0,4,2
tile_477.jpg,16,42,39,22,18,16,15,17,15,16,17,20
tile_486.jpg,5,18,12,10,8,12,5,5,5,5,7,6
tile_507.jpg,32,100,98,73,48,45,32,41,35,30,41,33
tile_528.jpg,11,34,38,22,14,16,13,16,13,12,19,17
tile_587.jpg,13,57,25,18,13,15,12,14,15,13,20,14
tile_593.jpg,21,76,36,32,28,22,20,21,22,22,27,30
tile_597.jpg,14,48,31,27,17,14,17,15,13,15,15,19
tile_604.jpg,33,98,100,66,38,40,41,38,47,33,43,43
tile_642.jpg,20,93,43,39,27,24,16,23,26,22,21,27
tile_656.jpg,36,77,100,55,44,39,38,35,43,35,44,46
tile_685.jpg,21,94,68,32,38,37,20,23,28,21,30,30
tile_724.jpg,27,100,86,47,36,42,32,36,34,30,53,41
tile_748.jpg,30,63,91,32,39,36,24,31,33,28,38,39
tile_763.jpg,26,73,74,47,36,37,37,32,31,28,33,39
tile_782.jpg,12,35,24,18,12,12,11,10,11,10,12,11
tile_790.jpg,21,62,41,32,23,31,27,28,34,25,31,30
tile_82.jpg,0,0,0,0,0,0,0,0,0,0,0,0
tile_863.jpg,29,63,39,36,25,31,24,26,25,29,33,32
tile_911.jpg,18,84,43,42,23,20,20,20,17,23,25,24
